timestamp,face_count,fps
00:04:25,1,14.1
00:04:25,1,51.3
00:04:25,1,49.7
00:04:25,1,48.9
00:04:25,1,54.9
00:04:25,1,52.2
00:04:25,1,53.4
00:04:25,1,50.9
00:04:25,1,55.5
00:04:25,1,55.8
00:04:25,1,55.9
00:04:25,1,53.7
00:04:25,1,51.7
00:04:25,1,51.4
00:04:25,1,51.5
00:04:26,1,55.7
00:04:26,1,48.8
00:04:26,1,50.4
00:04:26,1,46.8
00:04:26,1,47.7
00:04:26,1,48.0
00:04:26,1,34.6
00:04:26,1,46.5
00:04:26,1,45.6
00:04:26,1,44.4
00:04:26,1,52.5
00:04:26,1,47.3
00:04:26,1,43.7
00:04:26,1,46.8
00:04:26,1,49.5
00:04:26,1,49.6
00:04:26,1,45.3
00:04:26,1,45.8
00:04:26,1,43.7
00:04:26,1,44.7
00:04:26,1,46.4
00:04:26,1,47.6
00:04:26,1,46.1
00:04:26,1,50.1
00:04:26,1,47.6
00:04:26,1,45.9
00:04:26,1,46.1
00:04:26,1,49.5
00:04:26,1,45.0
00:04:27,1,45.9
00:04:27,1,45.2
00:04:27,1,48.3
00:04:27,1,43.5
00:04:27,1,49.3
00:04:27,1,43.3
00:04:27,1,42.2
00:04:27,1,47.4
00:04:27,1,45.3
00:04:27,1,40.1
00:04:27,1,45.5
00:04:27,1,44.5
00:04:27,1,44.3
00:04:27,1,44.5
00:04:27,1,44.8
00:04:27,1,44.3
00:04:27,1,46.5
00:04:27,1,43.0
00:04:27,1,43.1
00:04:27,1,46.2
00:04:27,1,42.2
00:04:27,1,43.4
00:04:27,1,48.3
00:04:27,1,49.2
00:04:27,1,44.5
00:04:27,1,47.9
00:04:27,1,48.2
00:04:27,1,47.8
00:04:27,1,43.2
00:04:28,1,42.9
00:04:28,1,46.9
00:04:28,1,44.8
00:04:28,1,45.9
00:04:28,1,44.9
00:04:28,1,40.8
00:04:28,1,46.4
00:04:28,1,44.0
00:04:28,1,45.4
00:04:28,1,43.3
00:04:28,1,40.8
00:04:28,1,44.3
00:04:28,1,45.9
00:04:28,1,43.1
00:04:28,1,44.1
00:04:28,1,46.8
00:04:28,1,43.6
00:04:28,1,43.8
00:04:28,1,46.2
00:04:28,1,51.8
00:04:28,1,50.5
00:04:28,1,48.6
00:04:28,1,51.0
00:04:28,1,57.2
00:04:28,1,52.1
00:04:28,1,52.7
00:04:28,1,52.4
00:04:28,1,51.2
00:04:28,1,46.5
00:04:28,1,46.5
00:04:28,1,48.4
00:04:29,1,49.0
00:04:29,1,48.1
00:04:29,1,52.1
00:04:29,1,51.1
00:04:29,1,50.9
00:04:29,1,47.2
00:04:29,1,54.8
00:04:29,1,53.7
00:04:29,1,56.7
00:04:29,1,52.4
00:04:29,1,48.0
00:04:29,1,47.5
00:04:29,1,46.9
00:04:29,1,42.0
00:04:29,1,46.2
00:04:29,1,39.6
00:04:29,1,43.4
00:04:29,1,45.1
00:04:29,1,43.3
00:04:29,1,45.7
00:04:29,1,42.0
00:04:29,1,43.6
00:04:29,1,41.9
00:04:29,1,47.0
00:04:29,1,46.4
00:04:29,1,48.0
00:04:29,1,48.2
00:04:29,1,48.8
00:04:29,1,46.5
00:04:29,1,45.5
00:04:30,1,50.5
00:04:30,1,44.1
00:04:30,1,48.4
00:04:30,1,48.1
00:04:30,1,41.0
00:04:30,1,44.0
00:04:30,1,38.3
00:04:30,1,41.5
00:04:30,1,42.1
00:04:30,1,40.8
00:04:30,1,50.1
00:04:30,1,49.0
00:04:30,1,50.3
00:04:30,1,51.2
00:04:30,1,51.0
00:04:30,1,50.8
00:04:30,1,45.9
00:04:30,1,27.2
00:04:30,1,25.4
00:04:30,1,26.9
00:04:30,1,31.8
00:04:30,1,31.1
00:04:30,1,26.3
00:04:30,1,27.8
00:04:30,1,26.2
00:04:31,1,28.5
00:04:31,1,27.2
00:04:31,1,27.4
00:04:31,1,27.7
00:04:31,1,32.3
00:04:31,1,31.2
00:04:31,1,28.9
00:04:31,1,29.5
00:04:31,1,29.4
00:04:31,1,26.3
00:04:31,1,27.1
00:04:31,1,30.4
00:04:31,1,27.0
00:04:31,1,28.9
00:04:31,1,27.9
00:04:31,1,29.7
00:04:31,1,31.4
00:04:32,1,26.1
00:04:32,1,29.9
00:04:32,1,43.8
00:04:32,1,27.0
00:04:32,1,26.3
00:04:32,1,28.3
00:04:32,1,40.1
00:04:32,1,30.3
00:04:32,1,26.1
00:04:32,1,29.8
00:04:32,1,28.4
00:04:32,1,27.8
00:04:32,1,28.0
00:04:32,1,31.0
00:04:32,1,27.7
00:04:32,1,30.9
00:04:32,1,33.3
00:04:32,1,33.2
00:04:33,1,30.8
00:04:33,1,32.6
00:04:33,1,26.3
00:04:33,1,27.7
00:04:33,1,27.0
00:04:33,1,27.9
00:04:33,1,29.2
00:04:33,1,28.6
00:04:33,1,32.1
00:04:33,1,28.2
00:04:33,1,30.2
00:04:33,1,31.2
00:04:33,1,25.6
00:04:33,1,30.3
00:04:33,1,28.2
00:04:33,1,30.0
00:04:33,1,26.4
00:04:33,1,29.4
00:04:33,1,31.6
00:04:34,1,31.5
00:04:34,1,30.4
00:04:34,1,29.4
00:04:34,1,29.6
00:04:34,1,28.2
00:04:34,1,35.0
00:04:34,1,29.3
00:04:34,1,32.0
00:04:34,1,24.0
00:04:34,1,24.6
00:04:34,1,25.0
00:04:34,1,26.6
00:04:34,1,24.8
00:04:34,1,24.1
00:04:34,1,26.5
00:04:34,1,24.7
00:04:34,1,24.6
00:04:34,1,24.9
00:04:35,1,26.0
00:04:35,1,24.6
00:04:35,1,24.4
00:04:35,1,26.9
00:04:35,1,28.2
00:04:35,1,26.2
00:04:35,1,26.5
00:04:35,1,25.8
00:04:35,1,28.4
00:04:35,1,24.4
00:04:35,1,38.4
00:04:35,1,23.8
00:04:35,1,25.5
00:04:35,1,24.2
00:04:35,1,25.4
00:04:35,1,26.0
00:04:35,1,24.2
00:04:35,1,25.4
00:04:35,1,32.5
00:04:35,1,25.6
00:04:36,1,24.3
00:04:36,1,24.6
00:04:36,1,23.0
00:04:36,1,24.1
00:04:36,1,26.9
00:04:36,1,27.3
00:04:36,1,26.5
00:04:36,1,20.3
00:04:36,1,21.5
00:04:36,1,24.7
00:04:36,1,25.6
00:04:36,1,26.7
00:04:36,1,25.2
00:04:36,1,26.7
00:04:36,1,29.4
00:04:36,1,27.2
00:04:36,1,28.2
00:04:36,1,26.6
00:04:37,1,27.6
00:04:37,1,28.2
00:04:37,1,25.9
00:04:37,1,24.0
00:04:37,1,26.4
00:04:37,1,26.8
00:04:37,1,27.4
00:04:37,1,26.3
00:04:37,1,25.5
00:04:37,1,25.2
00:04:37,1,25.5
00:04:37,1,25.0
00:04:37,1,25.7
00:04:37,1,26.8
00:04:37,1,25.9
00:04:37,1,26.0
00:04:37,1,24.9
00:04:37,1,30.1
00:04:37,1,28.3
00:04:38,1,26.0
00:04:38,1,24.1
00:04:38,1,24.3
00:04:38,1,24.2
00:04:38,1,24.5
00:04:38,1,27.8
00:04:38,1,26.7
00:04:38,1,25.5
00:04:38,1,26.1
00:04:38,1,60.1
00:04:38,1,66.3
00:04:38,1,61.0
00:04:38,1,58.5
00:04:38,1,67.0
00:04:38,1,67.8
00:04:38,1,59.0
00:04:38,1,55.2
00:04:38,1,48.0
00:04:38,1,52.0
00:04:38,1,49.1
00:04:38,1,47.9
00:04:38,1,46.6
00:04:38,1,45.9
00:04:38,1,50.7
00:04:39,1,47.3
00:04:39,1,47.1
00:04:39,1,48.4
00:04:39,1,45.5
00:04:39,1,47.4
00:04:39,1,46.2
00:04:39,1,43.0
00:04:39,1,44.6
00:04:39,1,45.6
00:04:39,1,44.8
00:04:39,1,44.0
00:04:39,1,46.2
00:04:39,1,48.8
00:04:39,1,44.8
00:04:39,1,47.0
00:04:39,1,40.8
00:04:39,1,44.3
00:04:39,1,44.8
00:04:39,1,45.3
00:04:39,1,43.2
00:04:39,1,49.2
00:04:39,1,46.1
00:04:39,1,49.6
00:04:39,1,46.9
00:04:39,1,50.8
00:04:39,1,46.0
00:04:39,1,47.9
00:04:39,1,50.7
00:04:39,1,47.9
00:04:40,1,43.9
00:04:40,1,44.2
00:04:40,1,47.6
00:04:40,1,47.3
00:04:40,1,50.7
00:04:40,1,46.0
00:04:40,1,45.5
00:04:40,1,45.2
00:04:40,1,41.0
00:04:40,1,42.1
00:04:40,1,44.7
00:04:40,1,45.7
00:04:40,1,45.8
00:04:40,1,43.4
00:04:40,1,41.7
00:04:40,1,42.9
00:04:40,1,44.3
00:04:40,1,43.0
00:04:40,1,42.9
00:04:40,1,46.0
00:04:40,1,45.6
00:04:40,1,44.0
00:04:40,1,48.6
00:04:40,1,44.4
00:04:40,1,46.4
00:04:40,1,44.4
00:04:40,1,44.6
00:04:40,1,45.3
00:04:40,1,44.6
00:04:41,1,44.7
00:04:41,1,46.9
00:04:41,1,46.6
00:04:41,1,45.2
00:04:41,1,47.3
00:04:41,1,47.4
00:04:41,1,45.6
00:04:41,1,44.2
00:04:41,1,42.4
00:04:41,1,45.1
00:04:41,1,43.3
00:04:41,1,42.8
00:04:41,1,45.4
00:04:41,1,42.3
00:04:41,1,48.2
00:04:41,1,42.2
00:04:41,1,43.6
00:04:41,1,43.3
00:04:41,1,46.9
00:04:41,1,43.5
00:04:41,1,41.6
00:04:41,1,44.0
00:04:41,1,47.9
00:04:41,1,46.0
00:04:41,1,46.3
00:04:41,1,46.6
00:04:41,1,44.6
00:04:41,1,46.2
00:04:41,1,44.6
00:04:42,1,48.0
00:04:42,1,42.9
00:04:42,1,44.2
00:04:42,1,45.1
00:04:42,1,43.9
00:04:42,1,47.5
00:04:42,1,40.9
00:04:42,1,42.8
00:04:42,1,43.2
00:04:42,1,44.0
00:04:42,1,40.7
00:04:42,1,45.4
00:04:42,1,42.6
00:04:42,1,45.3
00:04:42,1,43.9
00:04:42,1,38.0
00:04:42,1,45.1
00:04:42,1,45.1
00:04:42,1,41.0
00:04:42,1,47.0
00:04:42,1,44.5
00:04:42,1,44.0
00:04:42,1,48.3
00:04:42,1,47.0
00:04:42,1,43.6
00:04:42,1,48.4
00:04:42,1,46.1
00:04:42,1,46.1
00:04:42,1,47.6
00:04:43,1,43.3
00:04:43,1,46.3
00:04:43,1,44.5
00:04:43,1,47.2
00:04:43,1,43.9
00:04:43,1,44.0
00:04:43,1,46.5
00:04:43,1,47.2
00:04:43,1,46.4
00:04:43,1,44.0
00:04:43,1,48.3
00:04:43,1,46.7
00:04:43,1,45.9
00:04:43,1,44.6
00:04:43,1,44.9
00:04:43,1,40.9
00:04:43,1,42.9
00:04:43,1,48.4
00:04:43,1,49.9
00:04:43,1,52.7
00:04:43,1,50.0
00:04:43,1,48.1
00:04:43,1,57.9
00:04:43,1,49.4
00:04:43,1,50.1
00:04:43,1,48.6
00:04:43,1,47.5
00:04:43,1,46.9
00:04:43,1,51.9
00:04:43,1,50.3
00:04:44,1,50.7
00:04:44,1,52.1
00:04:44,1,49.4
00:04:44,1,48.0
00:04:44,1,50.4
00:04:44,1,47.5
00:04:44,1,50.2
00:04:44,1,48.3
00:04:44,1,47.8
00:04:44,1,45.7
00:04:44,1,43.4
00:04:44,1,41.5
00:04:44,1,50.5
00:04:44,1,50.1
00:04:44,1,50.5
00:04:44,1,47.2
00:04:44,1,45.5
00:04:44,1,48.2
00:04:44,1,47.1
00:04:44,1,50.4
00:04:44,1,48.3
00:04:44,1,47.2
00:04:44,1,48.7
00:04:44,1,44.9
00:04:44,1,49.1
00:04:44,1,46.8
00:04:44,1,45.8
00:04:44,1,47.0
00:04:44,1,44.4
00:04:45,1,48.0
00:04:45,1,45.4
00:04:45,1,49.8
00:04:45,1,44.9
00:04:45,1,46.9
00:04:45,1,47.6
00:04:45,1,45.6
00:04:45,1,42.5
00:04:45,1,47.3
00:04:45,1,44.6
00:04:45,1,42.4
00:04:45,1,42.1
00:04:45,1,42.7
00:04:45,1,45.1
00:04:45,1,43.3
00:04:45,1,45.0
00:04:45,1,46.3
00:04:45,1,44.8
00:04:45,1,47.3
00:04:45,1,44.0
00:04:45,1,45.1
00:04:45,1,43.7
00:04:45,1,46.5
00:04:45,1,42.5
00:04:45,1,44.3
00:04:45,1,48.5
00:04:45,1,44.5
00:04:45,1,46.1
00:04:45,1,43.1
00:04:46,1,49.5
00:04:46,1,48.6
00:04:46,1,46.4
00:04:46,1,42.5
00:04:46,1,50.1
00:04:46,1,46.0
00:04:46,1,40.0
00:04:46,1,43.0
00:04:46,1,43.0
00:04:46,1,40.2
00:04:46,1,45.0
00:04:46,1,43.3
00:04:46,1,41.9
00:04:46,1,46.6
00:04:46,1,43.2
00:04:46,1,45.7
00:04:46,1,44.6
00:04:46,1,45.8
00:04:46,1,44.5
00:04:46,1,45.3
00:04:46,1,45.4
00:04:46,1,43.4
00:04:46,1,46.8
00:04:46,1,49.3
00:04:46,1,47.0
00:04:46,1,45.1
00:04:46,1,44.0
00:04:46,1,45.0
00:04:46,1,44.8
00:04:47,1,46.2
00:04:47,1,45.1
00:04:47,1,47.0
00:04:47,1,46.6
00:04:47,1,45.4
00:04:47,1,44.0
00:04:47,1,47.2
00:04:47,1,41.3
00:04:47,1,43.0
00:04:47,1,44.6
00:04:47,1,45.7
00:04:47,1,42.1
00:04:47,1,41.5
00:04:47,1,44.4
00:04:47,1,42.0
00:04:47,1,43.9
00:04:47,1,41.0
00:04:47,1,43.2
00:04:47,1,41.9
00:04:47,1,43.4
00:04:47,1,46.0
00:04:47,1,44.4
00:04:47,1,45.2
00:04:47,1,41.0
00:04:47,1,50.6
00:04:47,1,40.7
00:04:47,1,45.2
00:04:47,1,44.3
00:04:47,1,47.8
00:04:48,1,46.3
00:04:48,1,43.7
00:04:48,1,43.9
00:04:48,1,46.7
00:04:48,1,45.2
00:04:48,1,32.2
00:04:48,1,35.1
00:04:48,1,41.0
00:04:48,1,43.7
00:04:48,1,44.5
00:04:48,1,42.1
00:04:48,1,41.6
00:04:48,1,45.1
00:04:48,1,44.2
00:04:48,1,41.9
00:04:48,1,45.0
00:04:48,1,42.1
00:04:48,1,46.4
00:04:48,1,45.5
00:04:48,1,43.3
00:04:48,1,44.7
00:04:48,1,45.9
00:04:48,1,45.4
00:04:48,1,44.5
00:04:48,1,41.1
00:04:48,1,45.3
00:04:48,1,41.9
00:04:48,1,45.0
00:04:49,1,44.8
00:04:49,1,46.0
00:04:49,1,44.7
00:04:49,1,47.3
00:04:49,1,42.8
00:04:49,1,47.2
00:04:49,1,41.8
00:04:49,1,42.6
00:04:49,1,41.5
00:04:49,1,46.8
00:04:49,1,43.7
00:04:49,1,45.6
00:04:49,1,46.2
00:04:49,1,41.1
00:04:49,1,43.5
00:04:49,1,42.4
00:04:49,1,43.8
00:04:49,1,46.3
00:04:49,1,46.2
00:04:49,1,44.2
00:04:49,1,45.7
00:04:49,1,43.2
00:04:49,1,44.3
00:04:49,1,43.6
00:04:49,1,45.5
00:04:49,1,46.7
00:04:49,1,45.0
00:04:49,1,43.9
00:04:49,1,46.2
00:04:50,1,43.8
00:04:50,1,45.1
00:04:50,1,45.7
00:04:50,1,45.4
00:04:50,1,39.5
00:04:50,1,37.2
00:04:50,1,37.6
00:04:50,1,43.6
00:04:50,1,41.2
00:04:50,1,44.9
00:04:50,1,42.8
00:04:50,1,44.0
00:04:50,1,42.2
00:04:50,1,42.7
00:04:50,1,43.3
00:04:50,1,43.4
00:04:50,1,43.8
00:04:50,1,44.1
00:04:50,1,44.7
00:04:50,1,41.6
00:04:50,1,46.2
00:04:50,1,47.0
00:04:50,1,44.3
00:04:50,1,45.6
00:04:50,1,46.8
00:04:50,1,48.1
00:04:50,1,45.7
00:04:50,1,44.2
00:04:51,1,44.8
00:04:51,1,46.3
00:04:51,1,45.5
00:04:51,1,43.4
00:04:51,1,46.8
00:04:51,1,48.5
00:04:51,1,43.9
00:04:51,1,42.7
00:04:51,1,42.3
00:04:51,1,43.4
00:04:51,1,46.2
00:04:51,1,40.4
00:04:51,1,44.2
00:04:51,1,44.1
00:04:51,1,46.0
00:04:51,1,41.1
00:04:51,1,48.8
00:04:51,1,43.7
00:04:51,1,42.1
00:04:51,1,44.5
00:04:51,1,43.5
00:04:51,1,42.4
00:04:51,1,41.1
00:04:51,1,47.7
00:04:51,1,42.7
00:04:51,1,46.5
00:04:51,1,49.7
00:04:51,1,50.8
00:04:51,1,54.3
00:04:51,1,64.0
00:04:52,1,63.2
00:04:52,1,65.4
00:04:52,1,56.5
00:04:52,1,63.2
00:04:52,1,58.4
00:04:52,1,51.6
00:04:52,1,58.2
00:04:52,1,54.8
00:04:52,1,62.2
00:04:52,1,54.5
00:04:52,1,55.6
00:04:52,1,57.7
00:04:52,1,57.3
00:04:52,1,56.3
00:04:52,1,61.3
00:04:52,1,60.2
00:04:52,1,66.2
00:04:52,1,58.8
00:04:52,1,63.3
00:04:52,1,69.9
00:04:52,1,67.9
00:04:52,1,64.7
00:04:52,1,59.0
00:04:52,1,67.6
00:04:52,1,62.4
00:04:52,1,60.7
00:04:52,1,65.3
00:04:52,1,67.7
00:04:52,1,61.0
00:04:52,1,65.5
00:04:52,1,65.5
00:04:53,1,63.2
00:04:53,1,59.3
00:04:53,1,59.3
00:04:53,1,63.0
00:04:53,1,65.0
00:04:53,1,60.3
00:04:53,1,66.3
00:04:53,1,58.7
00:04:53,1,61.6
00:04:53,1,62.0
00:04:53,1,65.2
00:04:53,1,60.0
00:04:53,1,67.6
00:04:53,1,61.3
00:04:53,1,62.1
00:04:53,1,62.8
00:04:53,1,64.3
00:04:53,1,58.2
00:04:53,1,67.5
00:04:53,1,57.2
00:04:53,1,66.9
00:04:53,1,56.9
00:04:53,1,52.1
00:04:53,1,53.7
00:04:53,1,61.4
00:04:53,1,57.9
00:04:53,1,63.3
00:04:53,1,61.9
00:04:53,1,57.1
00:04:53,1,55.2
00:04:54,1,58.2
00:04:54,1,62.9
00:04:54,1,66.7
00:04:54,1,61.7
00:04:54,1,66.5
00:04:54,1,65.4
00:04:54,1,56.8
00:04:54,1,59.5
00:04:54,1,60.0
00:04:54,1,60.4
00:04:54,1,57.9
00:04:54,1,58.2
00:04:54,1,59.8
00:04:54,1,63.1
00:04:54,1,66.8
00:04:54,1,62.8
00:04:54,1,60.2
00:04:54,1,60.6
00:04:54,1,65.6
00:04:54,1,63.7
00:04:54,1,65.7
00:04:54,2,62.4
00:04:54,1,60.1
00:04:54,2,61.9
00:04:54,1,64.0
00:04:54,1,66.8
00:04:54,1,67.6
00:04:54,1,68.7
00:04:54,1,70.4
00:04:54,1,66.2
00:04:55,1,60.2
00:04:55,1,63.8
00:04:55,1,61.1
00:04:55,1,67.4
00:04:55,1,67.7
00:04:55,1,60.4
00:04:55,1,61.3
00:04:55,1,59.6
00:04:55,1,55.8
00:04:55,1,58.3
00:04:55,1,61.4
00:04:55,1,61.5
00:04:55,1,60.9
00:04:55,1,59.6
00:04:55,1,62.6
00:04:55,1,58.9
00:04:55,1,60.4
00:04:55,1,61.9
00:04:55,1,58.2
00:04:55,1,59.6
00:04:55,1,61.9
00:04:55,1,65.3
00:04:55,1,66.7
00:04:55,1,65.4
00:04:55,1,59.0
00:04:55,1,66.5
00:04:55,1,62.5
00:04:55,1,64.5
00:04:55,1,62.2
00:04:55,1,65.0
00:04:56,1,61.6
00:04:56,1,62.0
00:04:56,1,56.8
00:04:56,1,61.8
00:04:56,1,62.5
00:04:56,1,66.0
00:04:56,1,63.8
00:04:56,1,65.1
00:04:56,1,67.0
00:04:56,1,67.6
00:04:56,1,66.4
00:04:56,1,66.0
00:04:56,1,60.1
00:04:56,1,67.6
00:04:56,1,61.7
00:04:56,1,60.0
00:04:56,1,68.3
00:04:56,1,64.0
00:04:56,1,65.2
00:04:56,1,61.8
00:04:56,1,60.8
00:04:56,1,64.0
00:04:56,1,64.3
00:04:56,1,61.9
00:04:56,1,60.6
00:04:56,1,61.7
00:04:56,1,61.2
00:04:56,1,59.9
00:04:56,1,61.0
00:04:56,1,62.9
00:04:57,1,58.4
00:04:57,1,55.2
00:04:57,1,55.5
00:04:57,1,60.3
00:04:57,1,53.8
00:04:57,1,59.0
00:04:57,1,61.3
00:04:57,1,56.6
00:04:57,1,59.2
00:04:57,1,58.4
00:04:57,1,55.1
00:04:57,1,59.8
00:04:57,1,58.3
00:04:57,1,62.5
00:04:57,1,61.9
00:04:57,1,59.4
00:04:57,1,57.8
00:04:57,1,62.0
00:04:57,1,62.7
00:04:57,1,65.8
00:04:57,1,62.1
00:04:57,1,61.6
00:04:57,1,62.1
00:04:57,1,62.8
00:04:57,1,60.8
00:04:57,1,65.6
00:04:57,1,65.7
00:04:57,1,68.2
00:04:57,1,53.1
00:04:58,1,61.5
00:04:58,1,55.5
00:04:58,1,58.7
00:04:58,1,62.1
00:04:58,1,58.2
00:04:58,1,56.1
00:04:58,1,59.6
00:04:58,1,59.2
00:04:58,1,50.9
00:04:58,1,61.7
00:04:58,1,59.2
00:04:58,1,58.9
00:04:58,1,63.5
00:04:58,1,59.0
00:04:58,1,55.2
00:04:58,1,65.9
00:04:58,1,64.4
00:04:58,1,59.3
00:04:58,1,59.9
00:04:58,1,61.8
00:04:58,1,64.1
00:04:58,1,58.7
00:04:58,1,64.1
00:04:58,1,57.0
00:04:58,1,58.3
00:04:58,1,62.2
00:04:58,1,62.4
00:04:58,1,56.5
00:04:58,1,63.4
00:04:58,1,64.6
00:04:58,1,57.6
00:04:59,1,57.3
00:04:59,1,51.9
00:04:59,1,58.4
00:04:59,1,62.3
00:04:59,1,60.0
00:04:59,1,59.5
00:04:59,1,59.1
00:04:59,1,58.3
00:04:59,1,56.3
00:04:59,1,55.6
00:04:59,1,59.0
00:04:59,1,59.4
00:04:59,1,61.0
00:04:59,1,49.7
00:04:59,1,59.4
00:04:59,1,57.8
00:04:59,1,56.1
00:04:59,1,59.7
00:04:59,1,60.4
00:04:59,1,55.7
00:04:59,1,63.7
00:04:59,1,61.9
00:04:59,1,62.2
00:04:59,1,61.5
00:04:59,1,60.9
00:04:59,1,63.3
00:04:59,1,63.4
00:04:59,1,66.7
00:04:59,1,55.7
00:04:59,1,53.8
00:05:00,1,62.7
00:05:00,1,61.9
00:05:00,1,55.4
00:05:00,1,64.6
00:05:00,1,61.7
00:05:00,1,51.5
00:05:00,1,61.3
00:05:00,1,55.1
00:05:00,1,59.0
00:05:00,1,59.1
00:05:00,1,57.6
00:05:00,1,64.9
00:05:00,1,62.9
00:05:00,1,56.8
00:05:00,1,60.5
00:05:00,1,60.4
00:05:00,1,55.3
00:05:00,1,58.9
00:05:00,1,58.5
00:05:00,1,68.0
00:05:00,1,63.9
00:05:00,1,59.6
00:05:00,1,62.9
00:05:00,1,59.7
00:05:00,1,62.2
00:05:00,1,59.9
00:05:00,1,63.4
00:05:00,1,60.4
00:05:00,1,59.5
00:05:00,1,56.5
00:05:01,1,62.8
00:05:01,1,59.8
00:05:01,1,56.7
00:05:01,1,58.7
00:05:01,1,61.4
00:05:01,1,64.9
00:05:01,1,63.7
00:05:01,1,60.2
00:05:01,1,57.4
00:05:01,1,60.6
00:05:01,1,61.2
00:05:01,1,59.7
00:05:01,1,61.5
00:05:01,1,57.7
00:05:01,1,58.9
00:05:01,1,60.1
00:05:01,1,60.4
00:05:01,1,63.8
00:05:01,1,62.0
00:05:01,1,67.6
00:05:01,1,63.6
00:05:01,1,61.8
00:05:01,1,61.9
00:05:01,1,64.0
00:05:01,1,61.9
00:05:01,1,67.5
00:05:01,1,63.0
00:05:01,1,65.6
00:05:01,1,62.0
00:05:01,1,54.9
00:05:02,1,55.9
00:05:02,1,56.9
00:05:02,1,63.5
00:05:02,1,59.1
00:05:02,1,63.3
00:05:02,1,55.5
00:05:02,1,60.9
00:05:02,1,53.6
00:05:02,1,61.2
00:05:02,1,63.9
00:05:02,1,57.0
00:05:02,1,56.8
00:05:02,1,60.2
00:05:02,1,60.5
00:05:02,1,62.2
00:05:02,1,63.0
00:05:02,1,56.7
00:05:02,1,59.8
00:05:02,1,66.9
00:05:02,1,63.4
00:05:02,1,54.6
00:05:02,1,61.4
00:05:02,1,57.0
00:05:02,1,55.7
00:05:02,1,59.2
00:05:02,1,53.1
00:05:02,1,60.6
00:05:02,1,59.1
00:05:02,1,60.3
00:05:02,1,63.9
00:05:03,1,62.9
00:05:03,1,58.6
00:05:03,1,58.7
00:05:03,1,53.0
00:05:03,1,67.8
00:05:03,1,59.7
00:05:03,1,55.0
00:05:03,1,60.5
00:05:03,1,63.2
00:05:03,1,61.8
00:05:03,1,67.8
00:05:03,1,61.9
00:05:03,1,64.4
00:05:03,1,62.2
00:05:03,1,56.8
00:05:03,1,64.5
00:05:03,1,62.3
00:05:03,1,57.1
00:05:03,1,58.2
00:05:03,1,57.4
00:05:03,1,61.2
00:05:03,1,57.9
00:05:03,1,60.5
00:05:03,1,61.1
00:05:03,1,62.7
00:05:03,1,57.0
00:05:03,1,62.8
00:05:03,1,54.4
00:05:03,1,60.0
00:05:03,1,61.4
00:05:04,1,60.0
00:05:04,1,56.6
00:05:04,1,47.9
00:05:04,1,57.0
00:05:04,1,57.3
00:05:04,1,62.9
00:05:04,1,61.3
00:05:04,1,56.8
00:05:04,1,57.0
00:05:04,1,57.7
00:05:04,1,61.0
00:05:04,1,62.2
00:05:04,1,61.1
00:05:04,1,56.7
00:05:04,1,60.8
00:05:04,1,60.1
00:05:04,1,60.5
00:05:04,1,57.2
00:05:04,1,61.4
00:05:04,1,67.5
00:05:04,1,59.7
00:05:04,1,61.4
00:05:04,1,53.3
00:05:04,1,57.1
00:05:04,1,61.4
00:05:04,1,59.1
00:05:04,1,61.2
00:05:04,1,62.4
00:05:04,1,64.2
00:05:05,1,56.9
00:05:05,1,57.7
00:05:05,1,60.8
00:05:05,1,60.3
00:05:05,1,61.0
00:05:05,1,56.0
00:05:05,1,62.9
00:05:05,1,47.2
00:05:05,1,59.8
00:05:05,1,61.1
00:05:05,1,55.1
00:05:05,1,57.2
00:05:05,1,53.6
00:05:05,1,59.4
00:05:05,1,59.5
00:05:05,1,57.9
00:05:05,1,54.4
00:05:05,1,62.8
00:05:05,1,65.1
00:05:05,1,60.2
00:05:05,1,64.7
00:05:05,1,62.3
00:05:05,1,59.0
00:05:05,1,65.9
00:05:05,1,59.2
00:05:05,1,64.8
00:05:05,1,63.8
00:05:05,1,57.4
00:05:05,1,64.5
00:05:05,1,65.4
00:05:05,1,60.9
00:05:06,1,59.9
00:05:06,1,56.9
00:05:06,1,59.8
00:05:06,1,58.3
00:05:06,1,63.0
00:05:06,1,62.7
00:05:06,1,59.4
00:05:06,1,61.6
00:05:06,1,60.3
00:05:06,1,63.9
00:05:06,1,65.8
00:05:06,1,55.3
00:05:06,1,57.7
00:05:06,1,55.9
00:05:06,1,57.1
00:05:06,1,58.4
00:05:06,1,61.1
00:05:06,1,60.1
00:05:06,1,58.5
00:05:06,1,63.0
00:05:06,1,61.2
00:05:06,1,62.8
00:05:06,1,62.2
00:05:06,1,60.3
00:05:06,1,62.4
00:05:06,1,64.2
00:05:06,1,63.6
00:05:06,1,63.0
00:05:06,1,64.1
00:05:06,1,60.3
00:05:07,1,57.6
00:05:07,1,60.9
00:05:07,1,60.3
00:05:07,1,59.4
00:05:07,1,56.9
00:05:07,1,60.6
00:05:07,1,54.4
00:05:07,1,54.2
00:05:07,1,66.5
00:05:07,1,56.3
00:05:07,1,59.8
00:05:07,1,62.6
00:05:07,1,62.9
00:05:07,1,61.1
00:05:07,1,54.9
00:05:07,1,61.9
00:05:07,1,61.2
00:05:07,1,61.4
00:05:07,1,59.1
00:05:07,1,67.5
00:05:07,1,66.5
00:05:07,1,65.5
00:05:07,1,63.9
00:05:07,1,64.9
00:05:07,1,68.3
00:05:07,1,60.3
00:05:07,1,67.1
00:05:07,1,61.4
00:05:07,1,53.9
00:05:07,1,58.7
00:05:07,1,68.7
00:05:08,1,67.2
00:05:08,1,68.5
00:05:08,1,61.5
00:05:08,1,60.0
00:05:08,1,68.5
00:05:08,1,67.5
00:05:08,1,65.7
00:05:08,1,65.8
00:05:08,1,63.9
00:05:08,1,66.9
00:05:08,1,69.7
00:05:08,1,64.9
00:05:08,1,62.7
00:05:08,1,66.2
00:05:08,1,62.1
00:05:08,1,65.4
00:05:08,1,60.3
00:05:08,1,66.6
00:05:08,1,61.2
00:05:08,1,67.2
00:05:08,1,62.4
00:05:08,1,63.2
00:05:08,1,62.8
00:05:08,1,68.1
00:05:08,1,65.6
00:05:08,1,64.2
00:05:08,1,62.6
00:05:08,1,64.7
00:05:08,1,64.2
00:05:09,1,61.4
00:05:09,1,60.3
00:05:09,1,62.5
00:05:09,1,64.6
00:05:09,1,65.7
00:05:09,1,59.5
00:05:09,1,57.7
00:05:09,1,61.3
00:05:09,1,58.5
00:05:09,1,64.8
00:05:09,1,65.7
00:05:09,1,62.0
00:05:09,1,59.8
00:05:09,1,60.9
00:05:09,1,68.7
00:05:09,1,57.4
00:05:09,1,56.1
00:05:09,1,60.2
00:05:09,1,57.2
00:05:09,1,62.1
00:05:09,1,58.1
00:05:09,1,65.0
00:05:09,1,55.4
00:05:09,1,58.9
00:05:09,1,56.7
00:05:09,1,64.5
00:05:09,1,61.7
00:05:09,1,64.9
00:05:09,1,63.1
00:05:09,1,60.3
00:05:10,1,53.4
00:05:10,1,55.4
00:05:10,1,61.9
00:05:10,1,58.1
00:05:10,1,54.6
00:05:10,1,60.2
00:05:10,1,59.1
00:05:10,1,58.2
00:05:10,1,61.3
00:05:10,1,60.1
00:05:10,1,60.3
00:05:10,1,59.6
00:05:10,1,57.4
00:05:10,1,58.5
00:05:10,1,54.2
00:05:10,1,66.4
00:05:10,1,63.5
00:05:10,1,61.6
00:05:10,1,69.3
00:05:10,1,66.4
00:05:10,1,56.4
00:05:10,1,61.0
00:05:10,1,57.0
00:05:10,1,65.9
00:05:10,1,66.1
00:05:10,1,65.9
00:05:10,1,61.9
00:05:10,1,69.9
00:05:10,1,65.1
00:05:10,1,66.8
00:05:11,1,55.1
00:05:11,1,64.9
00:05:11,1,57.2
00:05:11,1,59.4
00:05:11,1,65.4
00:05:11,1,65.3
00:05:11,1,68.3
00:05:11,1,61.3
00:05:11,1,58.4
00:05:11,1,65.2
00:05:11,1,62.0
00:05:11,1,64.1
00:05:11,1,69.9
00:05:11,1,62.0
00:05:11,1,66.8
00:05:11,1,63.9
00:05:11,1,70.7
00:05:11,1,58.5
00:05:11,1,66.1
00:05:11,1,61.1
00:05:11,1,62.4
00:05:11,1,62.3
00:05:11,1,63.7
00:05:11,1,62.7
00:05:11,1,62.2
00:05:11,1,67.3
00:05:11,1,64.3
00:05:11,1,56.9
00:05:11,1,61.3
00:05:11,1,55.0
00:05:12,1,62.3
00:05:12,1,62.6
00:05:12,1,65.7
00:05:12,1,62.1
00:05:12,1,60.4
00:05:12,1,57.3
00:05:12,1,59.5
00:05:12,1,60.0
00:05:12,1,61.0
00:05:12,1,58.8
00:05:12,1,54.6
00:05:12,1,61.3
00:05:12,1,63.3
00:05:12,1,59.4
00:05:12,1,57.3
00:05:12,1,61.3
00:05:12,1,60.4
00:05:12,1,63.0
00:05:12,1,61.0
00:05:12,1,53.3
00:05:12,1,62.3
00:05:12,1,64.6
00:05:12,1,58.3
00:05:12,1,57.6
00:05:12,1,61.9
00:05:12,1,60.0
00:05:12,1,53.9
00:05:12,1,55.3
00:05:12,1,61.4
00:05:12,1,62.4
00:05:13,1,60.1
00:05:13,1,55.7
00:05:13,1,63.1
00:05:13,1,58.6
00:05:13,1,61.7
00:05:13,1,53.5
00:05:13,1,67.5
00:05:13,1,62.2
00:05:13,1,67.1
00:05:13,1,66.7
00:05:13,1,63.1
00:05:13,1,58.1
00:05:13,1,52.7
00:05:13,1,57.3
00:05:13,1,66.3
00:05:13,1,59.1
00:05:13,1,60.3
00:05:13,1,61.3
00:05:13,1,60.6
00:05:13,1,56.5
00:05:13,1,59.3
00:05:13,1,63.9
00:05:13,1,61.1
00:05:13,1,58.3
00:05:13,1,61.7
00:05:13,1,54.7
00:05:13,1,62.6
00:05:13,1,58.6
00:05:13,1,63.1
00:05:13,1,64.0
00:05:14,1,61.7
00:05:14,1,63.0
00:05:14,1,58.8
00:05:14,1,59.8
00:05:14,1,62.6
00:05:14,1,61.6
00:05:14,1,64.9
00:05:14,1,58.5
00:05:14,1,62.9
00:05:14,1,63.2
00:05:14,1,60.8
00:05:14,1,55.8
00:05:14,1,60.1
00:05:14,1,59.3
00:05:14,1,59.5
00:05:14,1,58.7
00:05:14,1,59.4
00:05:14,1,59.8
00:05:14,1,60.8
00:05:14,1,57.1
00:05:14,1,61.9
00:05:14,1,63.6
00:05:14,1,62.4
00:05:14,1,62.4
00:05:14,1,53.5
00:05:14,1,66.0
00:05:14,1,59.9
00:05:14,1,59.3
00:05:14,1,53.3
00:05:14,1,62.3
00:05:15,1,56.2
00:05:15,1,63.8
00:05:15,1,62.4
00:05:15,1,59.4
00:05:15,1,61.5
00:05:15,1,61.5
00:05:15,1,58.9
00:05:15,1,58.7
00:05:15,1,61.2
00:05:15,1,64.6
00:05:15,1,60.3
00:05:15,1,60.5
00:05:15,1,61.5
00:05:15,1,56.5
00:05:15,1,60.0
00:05:15,1,64.7
00:05:15,1,65.8
00:05:15,1,64.5
00:05:15,1,65.3
00:05:15,1,56.9
00:05:15,1,59.3
00:05:15,1,60.9
00:05:15,1,61.8
00:05:15,1,56.5
00:05:15,1,58.5
00:05:15,1,63.6
00:05:15,1,57.4
00:05:15,1,58.0
00:05:15,1,63.7
00:05:15,1,62.1
00:05:16,1,67.8
00:05:16,1,56.2
00:05:16,1,63.7
00:05:16,1,63.7
00:05:16,1,50.8
00:05:16,1,61.4
00:05:16,1,56.4
00:05:16,1,57.5
00:05:16,1,63.6
00:05:16,1,60.6
00:05:16,1,57.8
00:05:16,1,64.1
00:05:16,1,62.1
00:05:16,1,64.9
00:05:16,1,66.8
00:05:16,1,62.1
00:05:16,1,56.1
00:05:16,1,58.8
00:05:16,1,53.5
00:05:16,1,57.4
00:05:16,1,62.8
00:05:16,1,64.6
00:05:16,1,58.0
00:05:16,1,54.4
00:05:16,1,57.1
00:05:16,1,60.1
00:05:16,1,54.7
00:05:16,1,60.9
00:05:16,1,59.1
00:05:16,1,66.1
00:05:17,1,58.4
00:05:17,1,61.2
00:05:17,1,58.8
00:05:17,1,52.5
00:05:17,1,58.7
00:05:17,1,64.7
00:05:17,1,56.5
00:05:17,1,60.9
00:05:17,1,62.6
00:05:17,1,66.7
00:05:17,1,63.2
00:05:17,1,62.9
00:05:17,1,64.7
00:05:17,1,61.4
00:05:17,1,63.6
00:05:17,1,58.5
00:05:17,1,55.2
00:05:17,1,54.4
00:05:17,1,62.5
00:05:17,1,64.4
00:05:17,1,58.5
00:05:17,1,55.8
00:05:17,1,65.0
00:05:17,1,69.1
00:05:17,1,62.8
00:05:17,1,64.5
00:05:17,1,63.4
00:05:17,1,68.2
00:05:17,1,62.6
00:05:17,1,63.4
00:05:18,1,60.7
00:05:18,1,61.6
00:05:18,1,64.4
00:05:18,1,68.0
00:05:18,1,63.7
00:05:18,1,58.2
00:05:18,1,62.3
00:05:18,1,55.3
00:05:18,1,57.8
00:05:18,1,59.7
00:05:18,1,58.7
00:05:18,1,60.8
00:05:18,1,58.9
00:05:18,1,60.9
00:05:18,1,68.4
00:05:18,1,55.3
00:05:18,1,51.7
00:05:18,1,58.0
00:05:18,1,55.5
00:05:18,1,57.6
00:05:18,1,60.2
00:05:18,1,63.5
00:05:18,1,62.1
00:05:18,1,57.3
00:05:18,1,60.2
00:05:18,1,64.9
00:05:18,1,58.3
00:05:18,1,65.8
00:05:18,1,68.9
00:05:18,1,59.2
00:05:19,1,65.0
00:05:19,1,64.4
00:05:19,1,54.9
00:05:19,1,61.9
00:05:19,1,56.0
00:05:19,1,62.6
00:05:19,1,51.6
00:05:19,1,63.0
00:05:19,1,62.2
00:05:19,1,59.3
00:05:19,1,63.4
00:05:19,1,61.6
00:05:19,1,61.3
00:05:19,1,49.0
00:05:19,1,63.9
00:05:19,1,65.9
00:05:19,1,61.2
00:05:19,1,59.9
00:05:19,1,60.3
00:05:19,1,59.0
00:05:19,1,59.7
00:05:19,1,63.5
00:05:19,1,62.9
00:05:19,1,66.9
00:05:19,1,70.5
00:05:19,1,64.9
00:05:19,1,62.2
00:05:19,1,61.7
00:05:19,1,64.3
00:05:19,1,55.7
00:05:20,1,64.4
00:05:20,1,68.1
00:05:20,1,59.6
00:05:20,1,59.1
00:05:20,1,66.3
00:05:20,1,54.9
00:05:20,1,60.2
00:05:20,1,61.2
00:05:20,1,55.5
00:05:20,1,61.5
00:05:20,1,59.3
00:05:20,1,55.1
00:05:20,1,57.3
00:05:20,1,63.8
00:05:20,1,59.4
00:05:20,1,60.4
00:05:20,1,66.0
00:05:20,1,61.6
00:05:20,1,63.1
00:05:20,1,61.4
00:05:20,1,59.8
00:05:20,1,60.8
00:05:20,1,66.4
00:05:20,1,63.8
00:05:20,1,58.8
00:05:20,1,65.9
00:05:20,1,62.3
00:05:20,1,65.3
00:05:20,1,65.1
00:05:20,1,57.8
00:05:21,1,57.5
00:05:21,1,59.8
00:05:21,1,55.3
00:05:21,1,62.8
00:05:21,1,61.5
00:05:21,1,54.5
00:05:21,1,63.7
00:05:21,1,66.6
00:05:21,1,59.0
00:05:21,1,58.2
00:05:21,1,59.7
00:05:21,1,66.0
00:05:21,1,60.2
00:05:21,1,62.9
00:05:21,1,60.2
00:05:21,1,62.9
00:05:21,1,54.8
00:05:21,1,62.1
00:05:21,1,66.1
00:05:21,1,58.2
00:05:21,1,67.3
00:05:21,1,58.6
00:05:21,1,60.7
00:05:21,1,57.6
00:05:21,1,59.6
00:05:21,1,61.9
00:05:21,1,63.0
00:05:21,1,61.4
00:05:21,1,64.3
00:05:22,1,62.8
00:05:22,1,64.4
00:05:22,1,59.7
00:05:22,1,61.0
00:05:22,1,56.0
00:05:22,1,57.0
00:05:22,1,58.6
00:05:22,1,57.6
00:05:22,1,62.6
00:05:22,1,59.6
00:05:22,1,63.0
00:05:22,1,62.4
00:05:22,1,52.7
00:05:22,1,63.1
00:05:22,1,62.3
00:05:22,1,65.8
00:05:22,1,60.3
00:05:22,1,47.3
00:05:22,1,56.2
00:05:22,1,60.3
00:05:22,1,61.1
00:05:22,1,63.1
00:05:22,1,61.5
00:05:22,1,64.8
00:05:22,1,69.2
00:05:22,1,58.7
00:05:22,1,60.1
00:05:22,1,62.7
00:05:22,1,61.8
00:05:22,1,59.0
00:05:22,1,57.4
00:05:23,1,60.1
00:05:23,1,59.6
00:05:23,1,57.2
00:05:23,1,62.9
00:05:23,1,61.5
00:05:23,1,54.7
00:05:23,1,64.6
00:05:23,1,63.8
00:05:23,1,53.5
00:05:23,1,56.3
00:05:23,1,65.6
00:05:23,1,54.7
00:05:23,1,60.3
00:05:23,1,57.8
00:05:23,1,55.8
00:05:23,1,59.0
00:05:23,1,64.3
00:05:23,1,59.6
00:05:23,1,61.6
00:05:23,1,62.7
00:05:23,1,59.9
00:05:23,1,60.6
00:05:23,1,58.7
00:05:23,1,64.0
00:05:23,1,61.0
00:05:23,1,63.9
00:05:23,1,58.0
00:05:23,1,61.0
00:05:23,1,58.4
00:05:24,1,62.8
00:05:24,1,60.2
00:05:24,1,66.1
00:05:24,1,63.7
00:05:24,1,59.6
00:05:24,1,57.3
00:05:24,1,55.4
00:05:24,1,61.7
00:05:24,1,65.5
00:05:24,1,67.2
00:05:24,1,62.2
00:05:24,1,62.1
00:05:24,1,59.0
00:05:24,1,60.1
00:05:24,1,62.9
00:05:24,1,67.1
00:05:24,1,58.2
00:05:24,1,67.7
00:05:24,1,65.1
00:05:24,1,63.5
00:05:24,1,66.6
00:05:24,1,62.2
00:05:24,1,60.5
00:05:24,1,68.4
00:05:24,1,68.6
00:05:24,1,66.5
00:05:24,1,68.4
00:05:24,1,57.6
00:05:24,1,67.4
00:05:24,1,60.9
00:05:24,1,59.5
00:05:25,1,61.2
00:05:25,1,61.8
00:05:25,1,65.5
00:05:25,1,67.6
00:05:25,1,59.7
00:05:25,1,65.8
00:05:25,1,59.8
00:05:25,1,63.1
00:05:25,1,66.3
00:05:25,1,64.6
00:05:25,1,63.5
00:05:25,1,67.1
00:05:25,1,65.2
00:05:25,1,58.8
00:05:25,1,58.5
00:05:25,1,63.3
00:05:25,1,64.3
00:05:25,1,61.5
00:05:25,1,63.3
00:05:25,1,60.2
00:05:25,1,63.7
00:05:25,1,66.0
00:05:25,1,60.5
00:05:25,1,65.9
00:05:25,1,61.5
00:05:25,1,64.8
00:05:25,1,62.2
00:05:25,1,59.7
00:05:25,1,62.9
00:05:25,1,62.2
00:05:26,1,63.8
00:05:26,1,61.6
00:05:26,1,61.0
00:05:26,1,61.3
00:05:26,1,62.6
00:05:26,1,62.6
00:05:26,1,52.3
00:05:26,1,60.4
00:05:26,1,59.8
00:05:26,1,64.0
00:05:26,1,57.3
00:05:26,1,62.7
00:05:26,1,57.4
00:05:26,1,61.2
00:05:26,1,58.4
00:05:26,1,61.0
00:05:26,1,62.2
00:05:26,1,57.0
00:05:26,1,61.2
00:05:26,1,63.3
00:05:26,1,59.4
00:05:26,1,59.6
00:05:26,1,66.3
00:05:26,1,63.0
00:05:26,1,66.5
00:05:26,1,60.7
00:05:26,1,65.8
00:05:26,1,57.9
00:05:26,1,63.1
00:05:26,1,63.0
00:05:27,1,62.5
00:05:27,1,62.9
00:05:27,1,59.0
00:05:27,1,59.6
00:05:27,1,59.7
00:05:27,1,61.3
00:05:27,1,60.2
00:05:27,1,63.8
00:05:27,1,61.6
00:05:27,1,65.4
00:05:27,1,60.8
00:05:27,1,59.3
00:05:27,1,57.3
00:05:27,1,61.6
00:05:27,1,58.9
00:05:27,1,63.4
00:05:27,1,62.8
00:05:27,1,62.2
00:05:27,1,56.9
00:05:27,1,60.1
00:05:27,1,64.9
00:05:27,1,58.2
00:05:27,1,58.2
00:05:27,1,68.8
00:05:27,1,61.9
00:05:27,1,60.3
00:05:27,1,66.3
00:05:27,1,64.0
00:05:27,1,60.8
00:05:27,1,64.1
00:05:28,1,61.9
00:05:28,1,60.2
00:05:28,1,53.7
00:05:28,1,69.9
00:05:28,1,61.7
00:05:28,1,60.1
00:05:28,1,60.0
00:05:28,1,58.5
00:05:28,1,55.8
00:05:28,1,60.8
00:05:28,1,62.7
00:05:28,1,60.1
00:05:28,1,62.8
00:05:28,1,57.2
00:05:28,1,53.3
00:05:28,1,58.8
00:05:28,1,62.1
00:05:28,1,61.1
00:05:28,1,62.8
00:05:28,1,60.7
00:05:28,1,59.9
00:05:28,1,60.8
00:05:28,1,59.5
00:05:28,1,58.1
00:05:28,1,59.2
00:05:28,1,62.0
00:05:28,1,27.7
00:05:28,1,25.3
00:05:28,1,25.1
00:05:29,1,30.4
00:05:29,1,28.3
00:05:29,1,28.0
00:05:29,1,27.9
00:05:29,1,26.5
00:05:29,1,27.2
00:05:29,1,26.9
00:05:29,1,31.1
00:05:29,1,30.5
00:05:29,1,28.2
00:05:29,1,26.9
00:05:29,1,27.2
00:05:29,1,28.6
00:05:29,1,27.1
00:05:29,1,27.2
00:05:29,1,27.6
00:05:29,1,27.9
00:05:29,1,27.4
00:05:30,1,26.4
00:05:30,1,28.3
00:05:30,1,25.8
00:05:30,1,25.9
00:05:30,1,26.7
00:05:30,1,24.9
00:05:30,1,28.4
00:05:30,1,27.6
00:05:30,1,27.5
00:05:30,1,26.1
00:05:30,1,26.8
00:05:30,1,27.8
00:05:30,1,25.4
00:05:30,1,28.8
00:05:30,1,28.8
00:05:30,1,27.1
00:05:31,1,26.8
00:05:31,1,31.4
00:05:31,1,27.3
00:05:31,1,28.4
00:05:31,1,29.1
00:05:31,1,29.4
00:05:31,1,29.3
00:05:31,1,25.7
00:05:31,1,31.7
00:05:31,1,27.2
00:05:31,1,28.3
00:05:31,1,29.6
00:05:31,1,26.0
00:05:31,1,26.1
00:05:31,1,29.0
00:05:31,1,27.9
00:05:31,1,32.8
00:05:31,1,35.5
00:05:32,1,34.9
00:05:32,1,31.9
00:05:32,1,31.8
00:05:32,1,31.1
00:05:32,1,33.1
00:05:32,1,35.5
00:05:32,1,37.4
00:05:32,1,32.3
00:05:32,1,35.3
00:05:32,1,28.2
00:05:32,1,34.7
00:05:32,1,26.4
00:05:32,1,35.6
00:05:32,1,27.0
00:05:32,1,25.8
00:05:32,1,26.4
00:05:32,1,27.3
00:05:32,1,26.5
00:05:32,1,27.9
00:05:32,1,26.1
00:05:32,1,34.3
00:05:33,1,31.1
00:05:33,1,29.9
00:05:33,1,26.4
00:05:33,1,30.1
00:05:33,1,29.6
00:05:33,1,25.4
00:05:33,1,27.8
00:05:33,1,30.1
00:05:33,1,35.3
00:05:33,1,30.2
00:05:33,1,27.4
00:05:33,1,28.1
00:05:33,1,26.6
00:05:33,1,27.1
00:05:33,1,30.0
00:05:33,1,29.3
00:05:33,1,29.1
00:05:33,1,29.2
00:05:33,1,29.4
00:05:34,1,25.6
00:05:34,1,22.1
00:05:34,1,26.8
00:05:34,1,24.8
00:05:34,1,26.5
00:05:34,1,27.3
00:05:34,1,28.7
00:05:34,1,28.1
00:05:34,1,33.7
00:05:34,1,30.5
00:05:34,1,28.9
00:05:34,1,26.5
00:05:34,1,26.9
00:05:34,1,26.9
00:05:34,1,27.2
00:05:34,1,26.5
00:05:34,1,27.1
00:05:34,1,28.8
00:05:35,1,26.6
00:05:35,1,28.0
00:05:35,1,27.0
00:05:35,1,27.5
00:05:35,1,28.8
00:05:35,1,26.4
00:05:35,1,27.1
00:05:35,1,26.9
00:05:35,1,28.0
00:05:35,1,25.7
00:05:35,1,27.1
00:05:35,1,27.5
00:05:35,1,27.0
00:05:35,1,25.5
00:05:35,1,26.8
00:05:35,1,29.6
00:05:35,1,27.9
00:05:35,1,25.9
00:05:36,1,27.7
00:05:36,1,34.7
00:05:36,1,28.6
00:05:36,1,27.1
00:05:36,1,28.8
00:05:36,1,26.0
00:05:36,1,25.4
00:05:36,1,24.4
00:05:36,1,25.8
00:05:36,1,25.2
00:05:36,1,31.2
00:05:36,1,31.3
00:05:36,1,26.7
00:05:36,1,27.7
00:05:36,1,28.8
00:05:36,1,24.2
00:05:36,1,26.2
00:05:36,1,33.3
00:05:36,1,34.1
00:05:36,1,29.6
00:05:37,1,29.2
00:05:37,1,25.9
00:05:37,1,28.6
00:05:37,1,27.0
00:05:37,1,27.2
00:05:37,1,25.5
00:05:37,1,29.1
00:05:37,1,26.0
00:05:37,1,27.0
00:05:37,1,25.4
00:05:37,1,27.3
00:05:37,1,24.7
00:05:37,1,24.7
00:05:37,1,23.5
00:05:37,1,25.9
00:05:37,1,25.7
00:05:37,1,25.5
00:05:37,1,25.7
00:05:38,1,26.6
00:05:38,1,25.8
00:05:38,1,24.6
00:05:38,1,25.9
00:05:38,1,25.2
00:05:38,1,25.3
00:05:38,1,25.3
00:05:38,1,27.0
00:05:38,1,26.1
00:05:38,1,25.2
00:05:38,1,26.5
00:05:38,1,25.6
00:05:38,1,27.1
00:05:38,1,25.6
00:05:38,1,28.0
00:05:38,1,26.3
00:05:38,1,25.9
00:05:38,1,26.6
00:05:38,1,27.0
00:05:39,1,26.8
00:05:39,1,25.8
00:05:39,1,26.5
00:05:39,1,26.7
00:05:39,1,26.6
00:05:39,1,29.1
00:05:39,1,25.6
00:05:39,1,32.5
00:05:39,1,24.9
00:05:39,1,24.9
00:05:39,1,26.5
00:05:39,1,31.2
00:05:39,1,26.5
00:05:39,1,26.6
00:05:39,1,27.0
00:05:39,1,29.0
00:05:39,1,25.7
00:05:39,1,28.3
00:05:39,1,30.1
00:05:39,1,28.2
00:05:40,1,25.2
00:05:40,1,26.7
00:05:40,1,28.2
00:05:40,1,27.7
00:05:40,1,25.5
00:05:40,1,26.7
00:05:40,1,26.4
00:05:40,1,27.3
00:05:40,1,27.4
00:05:40,1,26.2
00:05:40,1,26.6
00:05:40,1,29.5
00:05:40,1,26.6
00:05:40,1,24.6
00:05:40,1,24.3
00:05:40,1,25.6
00:05:40,1,27.3
00:05:40,1,26.5
00:05:40,1,26.2
00:05:40,1,26.5
00:05:41,1,27.6
00:05:41,1,26.9
00:05:41,1,26.7
00:05:41,1,27.6
00:05:41,1,28.1
00:05:41,1,27.2
00:05:41,1,27.0
00:05:41,1,27.2
00:05:41,1,26.8
00:05:41,1,26.6
00:05:41,1,26.3
00:05:41,1,26.3
00:05:41,1,25.7
00:05:41,1,23.6
00:05:41,1,25.1
00:05:41,1,26.7
00:05:41,1,29.5
00:05:41,1,27.6
00:05:41,1,29.5
00:05:42,1,30.3
00:05:42,1,25.8
00:05:42,1,31.3
00:05:42,1,24.7
00:05:42,1,26.5
00:05:42,1,25.2
00:05:42,1,26.8
00:05:42,1,26.5
00:05:42,1,25.0
00:05:42,1,28.1
00:05:42,1,25.5
00:05:42,1,26.6
00:05:42,1,24.3
00:05:42,1,25.3
00:05:42,1,27.6
00:05:42,1,25.7
00:05:42,1,25.2
00:05:42,1,34.1
00:05:42,1,28.6
00:05:42,1,28.0
00:05:43,1,28.0
00:05:43,1,24.6
00:05:43,1,24.2
00:05:43,1,24.3
00:05:43,1,26.0
00:05:43,1,26.0
00:05:43,1,25.1
00:05:43,1,26.0
00:05:43,1,24.8
00:05:43,1,28.0
00:05:43,1,26.2
00:05:43,1,25.8
00:05:43,1,25.5
00:05:43,1,25.4
00:05:43,1,25.2
00:05:43,1,25.8
00:05:43,1,27.0
00:05:43,1,29.2
00:05:43,1,24.1
00:05:44,1,27.0
00:05:44,1,25.2
00:05:44,1,26.2
00:05:44,1,29.7
00:05:44,1,26.0
00:05:44,1,26.4
00:05:44,1,26.8
00:05:44,1,28.3
00:05:44,1,25.7
00:05:44,1,28.4
00:05:44,1,28.1
00:05:44,1,25.5
00:05:44,1,28.8
00:05:44,1,27.9
00:05:44,1,26.9
00:05:44,1,31.5
00:05:44,1,24.9
00:05:44,1,24.7
00:05:44,1,26.5
00:05:44,1,28.6
00:05:45,1,25.0
00:05:45,1,25.9
00:05:45,1,30.4
00:05:45,1,27.1
00:05:45,1,24.0
00:05:45,1,28.7
00:05:45,1,24.6
00:05:45,1,28.4
00:05:45,1,24.9
00:05:45,1,26.6
00:05:45,1,30.8
00:05:45,1,27.2
00:05:45,1,24.0
00:05:45,1,25.3
00:05:45,1,23.0
00:05:45,1,32.1
00:05:45,1,24.9
00:05:45,1,28.9
00:05:45,1,28.2
00:05:46,1,27.5
00:05:46,1,36.6
00:05:46,1,23.8
00:05:46,1,27.3
00:05:46,1,22.9
00:05:46,1,25.1
00:05:46,1,28.6
00:05:46,1,23.7
00:05:46,1,24.3
00:05:46,1,25.5
00:05:46,1,24.0
00:05:46,1,24.3
00:05:46,1,28.8
00:05:46,1,24.1
00:05:46,1,25.3
00:05:46,1,24.9
00:05:46,1,28.5
00:05:46,1,24.8
00:05:46,1,24.1
00:05:47,1,25.2
00:05:47,1,25.4
00:05:47,1,23.3
00:05:47,1,27.7
00:05:47,1,33.1
00:05:47,1,25.4
00:05:47,1,28.1
00:05:47,1,30.6
00:05:47,1,25.4
00:05:47,1,24.0
00:05:47,1,26.8
00:05:47,1,27.5
00:05:47,1,26.4
00:05:47,1,26.8
00:05:47,1,28.6
00:05:47,1,26.1
00:05:47,1,25.7
00:05:47,1,26.7
00:05:47,1,24.7
00:05:47,1,29.3
00:05:48,1,29.5
00:05:48,1,30.5
00:05:48,1,28.9
00:05:48,1,29.3
00:05:48,1,32.4
00:05:48,1,28.9
00:05:48,1,31.9
00:05:48,1,29.6
00:05:48,1,29.6
00:05:48,1,28.7
00:05:48,1,26.8
00:05:48,1,24.2
00:05:48,1,25.3
00:05:48,1,26.8
00:05:48,1,25.3
00:05:48,1,25.7
00:05:48,1,28.9
00:05:48,1,23.9
00:05:48,1,28.5
00:05:48,1,26.7
00:05:48,1,28.5
00:05:49,1,27.3
00:05:49,1,25.2
00:05:49,1,25.4
00:05:49,1,26.5
00:05:49,1,25.3
00:05:49,1,28.1
00:05:49,1,27.1
00:05:49,1,25.6
00:05:49,1,25.5
00:05:49,1,24.3
00:05:49,1,25.0
00:05:49,1,24.4
00:05:49,1,24.3
00:05:49,1,29.5
00:05:49,1,26.4
00:05:49,1,25.4
00:05:49,1,28.5
00:05:49,1,24.1
00:05:49,1,25.9
00:05:49,1,35.2
00:05:50,1,26.3
00:05:50,1,29.7
00:05:50,1,29.1
00:05:50,1,29.0
00:05:50,1,29.2
00:05:50,1,27.3
00:05:50,1,27.3
00:05:50,1,25.9
00:05:50,1,30.0
00:05:50,1,28.5
00:05:50,1,26.4
00:05:50,1,25.9
00:05:50,1,25.1
00:05:50,1,25.1
00:05:50,1,32.0
00:05:50,1,25.2
00:05:50,1,23.4
00:05:50,1,23.6
00:05:50,1,25.4
00:05:50,1,38.8
00:05:51,1,26.9
00:05:51,1,25.1
00:05:51,1,25.4
00:05:51,1,31.8
00:05:51,1,25.6
00:05:51,1,26.2
00:05:51,1,26.0
00:05:51,1,24.7
00:05:51,1,24.8
00:05:51,1,25.3
00:05:51,1,26.4
00:05:51,1,27.1
00:05:51,1,25.8
00:05:51,1,25.0
00:05:51,1,26.2
00:05:51,1,25.2
00:05:51,1,24.8
00:05:51,1,26.1
00:05:51,1,25.2
00:05:51,1,27.7
00:05:51,1,24.8
00:05:52,1,24.4
00:05:52,1,27.0
00:05:52,1,25.5
00:05:52,1,25.9
00:05:52,1,24.7
00:05:52,1,26.1
00:05:52,1,26.4
00:05:52,1,25.3
00:05:52,1,25.2
00:05:52,1,26.7
00:05:52,1,27.3
00:05:52,1,26.2
00:05:52,1,27.0
00:05:52,1,26.6
00:05:52,1,27.0
00:05:52,1,24.9
00:05:52,1,25.2
00:05:52,1,27.1
00:05:52,1,30.6
00:05:52,1,24.9
00:05:53,1,25.1
00:05:53,1,25.8
00:05:53,1,26.9
00:05:53,1,27.8
00:05:53,1,24.2
00:05:53,1,31.1
00:05:53,1,24.8
00:05:53,1,25.4
00:05:53,1,24.3
00:05:53,1,27.2
00:05:53,1,24.8
00:05:53,1,29.1
00:05:53,1,25.5
00:05:53,1,26.3
00:05:53,1,25.6
00:05:53,1,24.1
00:05:53,1,32.0
00:05:53,1,24.1
00:05:53,1,27.5
00:05:53,1,25.5
00:05:54,1,27.1
00:05:54,1,29.2
00:05:54,1,25.0
00:05:54,1,36.2
00:05:54,1,24.4
00:05:54,1,24.4
00:05:54,1,24.9
00:05:54,1,25.9
00:05:54,1,25.6
00:05:54,1,25.2
00:05:54,1,25.7
00:05:54,1,26.2
00:05:54,1,33.9
00:05:54,1,32.6
00:05:54,1,24.3
00:05:54,1,24.3
00:05:54,1,26.5
00:05:54,1,34.0
00:05:54,1,25.6
00:05:54,1,24.8
00:05:55,1,25.1
00:05:55,1,25.3
00:05:55,1,25.1
00:05:55,1,25.7
00:05:55,1,25.2
00:05:55,1,25.9
00:05:55,1,26.3
00:05:55,1,25.8
00:05:55,1,25.8
00:05:55,1,28.4
00:05:55,1,29.1
00:05:55,1,32.1
00:05:55,1,25.5
00:05:55,1,27.6
00:05:55,1,26.5
00:05:55,1,25.5
00:05:55,1,32.8
00:05:55,1,28.1
00:05:55,1,28.9
00:05:55,1,32.8
00:05:56,1,31.5
00:05:56,1,33.6
00:05:56,1,29.5
00:05:56,1,26.7
00:05:56,1,24.4
00:05:56,1,25.8
00:05:56,1,26.0
00:05:56,1,28.7
00:05:56,1,29.5
00:05:56,1,25.9
00:05:56,1,26.5
00:05:56,1,24.7
00:05:56,1,23.8
00:05:56,1,25.2
00:05:56,1,26.3
00:05:56,1,25.7
00:05:56,1,24.1
00:05:56,1,26.1
00:05:57,1,24.6
00:05:57,1,26.6
00:05:57,1,25.6
00:05:57,1,27.6
00:05:57,1,25.0
00:05:57,1,25.5
00:05:57,1,25.5
00:05:57,1,25.8
00:05:57,1,26.5
00:05:57,1,29.5
00:05:57,1,30.9
00:05:57,1,27.9
00:05:57,1,27.0
00:05:57,1,28.3
00:05:57,1,27.1
00:05:57,1,26.1
00:05:57,1,26.3
00:05:57,1,28.0
00:05:57,1,26.2
00:05:58,1,27.9
00:05:58,1,30.4
00:05:58,1,30.6
00:05:58,1,27.9
00:05:58,1,26.9
00:05:58,1,31.3
00:05:58,1,27.5
00:05:58,1,27.3
00:05:58,1,27.8
00:05:58,1,26.3
00:05:58,1,26.5
00:05:58,1,25.8
00:05:58,1,27.8
00:05:58,1,26.0
00:05:58,1,26.6
00:05:58,1,24.8
00:05:58,1,27.1
00:05:58,1,27.0
00:05:58,1,32.9
00:05:59,1,27.9
00:05:59,1,28.2
00:05:59,1,27.6
00:05:59,1,23.0
00:05:59,1,26.2
00:05:59,1,30.3
00:05:59,1,25.6
00:05:59,1,26.4
00:05:59,1,24.9
00:05:59,1,26.5
00:05:59,1,29.5
00:05:59,1,25.9
00:05:59,1,26.4
00:05:59,1,25.3
00:05:59,1,24.8
00:05:59,1,24.3
00:05:59,1,28.3
00:05:59,1,25.9
00:05:59,1,27.8
00:06:00,1,25.0
00:06:00,1,25.8
00:06:00,1,26.2
00:06:00,1,26.0
00:06:00,1,28.1
00:06:00,1,26.0
00:06:00,1,26.6
00:06:00,1,26.2
00:06:00,1,26.0
00:06:00,1,26.5
00:06:00,1,26.8
00:06:00,1,25.9
00:06:00,1,25.5
00:06:00,1,28.2
00:06:00,1,26.1
00:06:00,1,26.3
00:06:00,1,25.4
00:06:00,1,25.6
00:06:00,1,26.2
00:06:01,1,24.8
00:06:01,1,29.0
00:06:01,1,26.4
00:06:01,1,28.5
00:06:01,1,29.0
00:06:01,1,25.6
00:06:01,1,27.5
00:06:01,1,29.3
00:06:01,1,27.7
00:06:01,1,26.9
00:06:01,1,25.3
00:06:01,1,27.5
00:06:01,1,31.1
00:06:01,1,31.6
00:06:01,1,37.5
00:06:01,1,26.4
00:06:01,1,27.0
00:06:01,1,27.0
00:06:01,1,25.6
00:06:01,1,27.4
00:06:01,1,29.3
00:06:02,1,27.4
00:06:02,1,26.1
00:06:02,1,28.8
00:06:02,1,26.0
00:06:02,1,28.9
00:06:02,1,27.1
00:06:02,1,27.9
00:06:02,1,26.7
00:06:02,1,26.5
00:06:02,1,27.4
00:06:02,1,29.6
00:06:02,1,26.8
00:06:02,1,25.5
00:06:02,1,27.0
00:06:02,1,26.9
00:06:02,1,24.1
00:06:02,1,24.5
00:06:02,1,29.5
00:06:02,1,26.2
00:06:02,1,27.9
00:06:03,1,25.8
00:06:03,1,31.3
00:06:03,1,31.7
00:06:03,1,30.9
00:06:03,1,33.3
00:06:03,1,33.8
00:06:03,1,28.6
00:06:03,1,30.7
00:06:03,1,24.7
00:06:03,1,27.8
00:06:03,1,26.4
00:06:03,1,26.5
00:06:03,1,22.1
00:06:03,1,25.3
00:06:03,1,24.3
00:06:03,1,26.2
00:06:03,1,24.9
00:06:03,1,26.8
00:06:03,1,27.6
00:06:03,1,27.6
00:06:04,1,27.3
00:06:04,1,25.1
00:06:04,1,25.4
00:06:04,1,27.2
00:06:04,1,26.3
00:06:04,1,27.0
00:06:04,1,27.3
00:06:04,1,28.3
00:06:04,1,27.7
00:06:04,1,27.8
00:06:04,1,26.4
00:06:04,1,27.5
00:06:04,1,24.2
00:06:04,1,25.4
00:06:04,1,26.3
00:06:04,1,26.1
00:06:04,1,26.2
00:06:04,1,25.7
00:06:04,1,25.7
00:06:05,1,27.4
00:06:05,1,25.4
00:06:05,1,27.0
00:06:05,1,27.1
00:06:05,1,26.0
00:06:05,1,26.9
00:06:05,1,25.3
00:06:05,1,27.2
00:06:05,1,27.4
00:06:05,1,25.3
00:06:05,1,26.2
00:06:05,1,26.5
00:06:05,1,27.1
00:06:05,1,27.9
00:06:05,1,26.4
00:06:05,1,26.8
00:06:05,1,26.3
00:06:05,1,27.0
00:06:05,1,29.9
00:06:05,1,28.0
00:06:06,1,28.1
00:06:06,1,27.0
00:06:06,1,28.7
00:06:06,1,28.0
00:06:06,1,29.9
00:06:06,1,31.0
00:06:06,1,25.7
00:06:06,1,27.6
00:06:06,1,26.9
00:06:06,1,25.9
00:06:06,1,27.0
00:06:06,1,29.1
00:06:06,1,25.1
00:06:06,1,23.7
00:06:06,1,27.0
00:06:06,1,26.3
00:06:06,1,25.7
00:06:06,1,25.2
00:06:06,1,25.6
00:06:07,1,25.6
00:06:07,1,26.1
00:06:07,1,27.9
00:06:07,1,25.0
00:06:07,1,27.5
00:06:07,1,26.4
00:06:07,1,26.2
00:06:07,1,27.6
00:06:07,1,25.5
00:06:07,1,26.5
00:06:07,1,25.7
00:06:07,1,28.6
00:06:07,1,28.7
00:06:07,1,26.5
00:06:07,1,25.7
00:06:07,1,26.6
00:06:07,1,27.1
00:06:07,1,26.7
00:06:07,1,25.9
00:06:08,1,27.5
00:06:08,1,28.7
00:06:08,1,29.6
00:06:08,1,29.5
00:06:08,1,29.5
00:06:08,1,30.9
00:06:08,1,32.0
00:06:08,1,33.8
00:06:08,1,31.2
00:06:08,1,33.6
00:06:08,1,30.6
00:06:08,1,29.7
00:06:08,1,26.1
00:06:08,1,27.7
00:06:08,1,29.8
00:06:08,1,31.4
00:06:08,1,27.6
00:06:08,1,27.6
00:06:08,1,29.9
00:06:08,1,29.2
00:06:08,1,28.6
00:06:09,1,26.9
00:06:09,1,28.1
00:06:09,1,27.0
00:06:09,1,26.5
00:06:09,1,26.9
00:06:09,1,28.1
00:06:09,1,25.5
00:06:09,1,26.8
00:06:09,1,26.6
00:06:09,1,25.8
00:06:09,1,26.0
00:06:09,1,27.2
00:06:09,1,25.9
00:06:09,1,25.9
00:06:09,1,24.6
00:06:09,1,25.4
00:06:09,1,26.6
00:06:09,1,27.1
00:06:09,1,27.7
00:06:10,1,26.4
00:06:10,1,27.6
00:06:10,1,30.2
00:06:10,1,29.6
00:06:10,1,30.0
00:06:10,1,31.0
00:06:10,1,30.1
00:06:10,1,29.7
00:06:10,1,32.6
00:06:10,1,28.3
00:06:10,1,30.3
00:06:10,1,30.4
00:06:10,1,27.2
00:06:10,1,26.3
00:06:10,1,26.8
00:06:10,1,25.1
00:06:10,1,25.1
00:06:10,1,28.6
00:06:10,1,27.6
00:06:10,1,25.1
00:06:10,1,25.9
00:06:11,1,26.0
00:06:11,1,27.1
00:06:11,1,26.5
00:06:11,1,29.0
00:06:11,1,32.0
00:06:11,1,29.0
00:06:11,1,27.1
00:06:11,1,30.2
00:06:11,1,28.1
00:06:11,1,24.7
00:06:11,1,28.2
00:06:11,1,24.0
00:06:11,1,26.7
00:06:11,1,25.1
00:06:11,1,26.5
00:06:11,1,24.5
00:06:11,1,25.8
00:06:11,1,29.8
00:06:11,1,26.2
00:06:12,1,25.9
00:06:12,1,26.5
00:06:12,1,26.8
00:06:12,1,26.2
00:06:12,1,27.2
00:06:12,1,26.9
00:06:12,1,26.2
00:06:12,1,29.7
00:06:12,1,28.3
00:06:12,1,26.0
00:06:12,1,26.2
00:06:12,1,27.2
00:06:12,1,24.6
00:06:12,1,27.0
00:06:12,1,24.7
00:06:12,1,25.5
00:06:12,1,24.6
00:06:12,1,26.3
00:06:12,1,27.8
00:06:12,1,27.9
00:06:13,1,27.2
00:06:13,1,25.2
00:06:13,1,25.7
00:06:13,1,31.7
00:06:13,1,24.6
00:06:13,1,26.7
00:06:13,1,25.5
00:06:13,1,60.8
00:06:13,1,61.8
00:06:13,1,62.4
00:06:13,1,58.8
00:06:13,1,60.6
00:06:13,1,61.9
00:06:13,1,58.4
00:06:13,1,55.0
00:06:13,1,59.0
00:06:13,1,57.8
00:06:13,1,56.9
00:06:13,1,59.6
00:06:13,1,58.0
00:06:13,1,59.0
00:06:13,1,65.2
00:06:13,1,60.9
00:06:13,1,55.9
00:06:13,1,64.1
00:06:14,1,63.9
00:06:14,1,56.3
00:06:14,1,56.6
00:06:14,1,58.0
00:06:14,1,58.7
00:06:14,1,57.2
00:06:14,1,57.2
00:06:14,1,58.5
00:06:14,1,57.4
00:06:14,1,63.7
00:06:14,1,59.5
00:06:14,1,59.5
00:06:14,1,54.8
00:06:14,1,59.4
00:06:14,1,55.7
00:06:14,1,59.4
00:06:14,1,55.9
00:06:14,1,54.6
00:06:14,1,55.3
00:06:14,1,56.0
00:06:14,1,58.4
00:06:14,1,50.2
00:06:14,1,53.9
00:06:14,1,55.6
00:06:14,1,54.7
00:06:14,1,53.1
00:06:14,1,58.5
00:06:14,1,55.9
00:06:14,1,60.3
00:06:14,1,55.2
00:06:15,1,60.0
00:06:15,1,56.2
00:06:15,1,58.1
00:06:15,1,57.3
00:06:15,1,57.5
00:06:15,1,53.6
00:06:15,1,56.1
00:06:15,1,57.5
00:06:15,1,60.1
00:06:15,1,55.7
00:06:15,1,60.6
00:06:15,1,53.9
00:06:15,1,58.5
00:06:15,1,54.4
00:06:15,1,52.4
00:06:15,1,54.4
00:06:15,1,54.0
00:06:15,1,58.2
00:06:15,1,54.0
00:06:15,1,57.6
00:06:15,1,56.7
00:06:15,1,57.8
00:06:15,1,53.7
00:06:15,1,57.7
00:06:15,1,53.1
00:06:15,1,51.5
00:06:15,1,55.4
00:06:15,1,55.8
00:06:15,1,58.0
00:06:15,1,57.6
00:06:16,1,60.8
00:06:16,1,58.5
00:06:16,1,61.3
00:06:16,1,61.2
00:06:16,1,59.7
00:06:16,1,57.4
00:06:16,1,57.9
00:06:16,1,53.0
00:06:16,1,59.0
00:06:16,1,54.2
00:06:16,1,58.5
00:06:16,1,60.5
00:06:16,1,53.3
00:06:16,1,54.3
00:06:16,1,52.1
00:06:16,1,58.9
00:06:16,1,54.3
00:06:16,1,51.1
00:06:16,1,55.9
00:06:16,1,57.0
00:06:16,1,58.1
00:06:16,1,57.2
00:06:16,1,54.6
00:06:16,1,54.3
00:06:16,1,57.6
00:06:16,1,55.2
00:06:16,1,54.3
00:06:16,1,54.1
00:06:16,1,58.6
00:06:16,1,57.5
00:06:17,1,56.7
00:06:17,1,62.0
00:06:17,1,56.2
00:06:17,1,57.2
00:06:17,1,57.8
00:06:17,1,57.2
00:06:17,1,61.3
00:06:17,1,48.3
00:06:17,1,55.5
00:06:17,1,56.2
00:06:17,1,52.8
00:06:17,1,56.3
00:06:17,1,57.0
00:06:17,1,57.2
00:06:17,1,52.7
00:06:17,1,56.9
00:06:17,1,56.7
00:06:17,1,54.6
00:06:17,1,52.5
00:06:17,1,58.5
00:06:17,1,56.9
00:06:17,1,62.7
00:06:17,1,57.0
00:06:17,1,51.2
00:06:17,1,57.5
00:06:17,1,54.2
00:06:17,1,56.0
00:06:17,1,59.7
00:06:17,1,55.5
00:06:17,1,56.5
00:06:17,1,58.8
00:06:18,1,54.9
00:06:18,1,55.6
00:06:18,1,57.9
00:06:18,1,58.0
00:06:18,1,52.8
00:06:18,1,55.9
00:06:18,1,53.5
00:06:18,1,57.0
00:06:18,1,53.6
00:06:18,1,56.3
00:06:18,1,50.0
00:06:18,1,57.1
00:06:18,1,47.2
00:06:18,1,45.8
00:06:18,1,56.5
00:06:18,1,54.8
00:06:18,1,56.7
00:06:18,1,53.1
00:06:18,1,58.9
00:06:18,1,61.5
00:06:18,1,62.5
00:06:18,1,67.6
00:06:18,1,64.3
00:06:18,1,55.8
00:06:18,1,59.6
00:06:18,1,55.0
00:06:18,1,58.6
00:06:18,1,60.6
00:06:18,1,62.9
00:06:19,1,61.3
00:06:19,1,61.3
00:06:19,1,60.8
00:06:19,1,63.2
00:06:19,1,60.2
00:06:19,1,61.4
00:06:19,1,59.6
00:06:19,1,66.0
00:06:19,1,58.3
00:06:19,1,62.4
00:06:19,1,54.2
00:06:19,1,64.3
00:06:19,1,55.1
00:06:19,1,64.2
00:06:19,1,60.6
00:06:19,1,58.5
00:06:19,1,61.6
00:06:19,1,60.8
00:06:19,1,53.1
00:06:19,1,63.1
00:06:19,1,58.0
00:06:19,1,58.3
00:06:19,1,66.9
00:06:19,1,63.6
00:06:19,1,67.4
00:06:19,1,63.4
00:06:19,1,62.6
00:06:19,1,63.9
00:06:19,1,61.2
00:06:19,1,61.5
00:06:20,1,64.6
00:06:20,1,64.5
00:06:20,1,65.4
00:06:20,1,64.9
00:06:20,1,61.0
00:06:20,1,62.0
00:06:20,1,61.7
00:06:20,1,63.0
00:06:20,1,69.8
00:06:20,1,59.8
00:06:20,1,65.1
00:06:20,1,58.6
00:06:20,1,64.1
00:06:20,1,67.9
00:06:20,1,64.3
00:06:20,1,64.1
00:06:20,1,53.3
00:06:20,1,61.4
00:06:20,1,60.2
00:06:20,1,58.9
00:06:20,1,54.9
00:06:20,1,60.8
00:06:20,1,58.2
00:06:20,1,59.2
00:06:20,1,61.0
00:06:20,1,63.2
00:06:20,1,57.9
00:06:20,1,59.2
00:06:20,1,66.7
00:06:20,1,66.6
00:06:21,1,56.0
00:06:21,1,61.6
00:06:21,1,64.3
00:06:21,1,63.8
00:06:21,1,58.9
00:06:21,1,59.9
00:06:21,1,65.0
00:06:21,1,56.0
00:06:21,1,61.1
00:06:21,1,58.6
00:06:21,1,62.1
00:06:21,1,56.8
00:06:21,1,59.6
00:06:21,1,67.0
00:06:21,1,65.6
00:06:21,1,62.7
00:06:21,1,57.8
00:06:21,1,63.0
00:06:21,1,66.0
00:06:21,1,63.5
00:06:21,1,56.8
00:06:21,1,64.8
00:06:21,1,68.3
00:06:21,1,62.0
00:06:21,1,63.8
00:06:21,1,57.9
00:06:21,1,62.9
00:06:21,1,61.3
00:06:21,1,60.1
00:06:21,1,62.7
00:06:22,1,61.2
00:06:22,1,58.8
00:06:22,1,64.2
00:06:22,1,60.7
00:06:22,1,64.7
00:06:22,1,59.9
00:06:22,1,59.8
00:06:22,1,59.4
00:06:22,1,58.4
00:06:22,1,57.0
00:06:22,1,57.9
00:06:22,1,60.1
00:06:22,1,60.7
00:06:22,1,61.9
00:06:22,1,54.7
00:06:22,1,55.3
00:06:22,1,47.4
00:06:22,1,58.4
00:06:22,1,63.0
00:06:22,1,58.8
00:06:22,2,57.9
00:06:22,2,59.2
00:06:22,2,59.0
00:06:22,1,64.5
00:06:22,1,62.4
00:06:22,1,56.5
00:06:22,1,61.6
00:06:22,1,65.1
00:06:22,1,62.5
00:06:22,1,63.2
00:06:23,1,65.0
00:06:23,1,63.2
00:06:23,1,63.0
00:06:23,1,65.4
00:06:23,1,66.0
00:06:23,1,60.9
00:06:23,1,60.3
00:06:23,2,63.5
00:06:23,2,59.9
00:06:23,1,61.1
00:06:23,2,61.4
00:06:23,2,62.1
00:06:23,2,62.5
00:06:23,2,61.2
00:06:23,2,59.1
00:06:23,2,63.5
00:06:23,2,60.1
00:06:23,2,57.8
00:06:23,2,62.1
00:06:23,2,57.3
00:06:23,2,52.4
00:06:23,2,60.5
00:06:23,2,61.4
00:06:23,2,60.7
00:06:23,2,57.3
00:06:23,2,61.3
00:06:23,2,65.9
00:06:23,2,60.2
00:06:23,2,57.8
00:06:23,2,63.2
00:06:24,2,56.3
00:06:24,2,60.4
00:06:24,2,56.1
00:06:24,2,66.0
00:06:24,2,64.4
00:06:24,2,64.5
00:06:24,2,64.8
00:06:24,2,62.8
00:06:24,2,61.9
00:06:24,2,65.7
00:06:24,2,55.8
00:06:24,2,62.0
00:06:24,1,62.7
00:06:24,1,60.8
00:06:24,1,62.0
00:06:24,1,62.7
00:06:24,1,62.4
00:06:24,1,61.3
00:06:24,1,59.4
00:06:24,1,60.1
00:06:24,1,59.2
00:06:24,1,61.7
00:06:24,1,61.8
00:06:24,1,57.7
00:06:24,1,56.7
00:06:24,1,63.2
00:06:24,1,61.6
00:06:24,1,66.1
00:06:24,1,61.3
00:06:24,1,59.5
00:06:25,1,60.4
00:06:25,1,61.3
00:06:25,1,59.4
00:06:25,1,61.1
00:06:25,1,60.8
00:06:25,1,64.7
00:06:25,1,56.3
00:06:25,1,57.3
00:06:25,1,65.5
00:06:25,1,62.8
00:06:25,1,58.0
00:06:25,1,61.7
00:06:25,1,60.6
00:06:25,1,64.4
00:06:25,1,58.4
00:06:25,1,61.3
00:06:25,1,60.8
00:06:25,1,54.6
00:06:25,1,53.8
00:06:25,1,66.0
00:06:25,1,57.5
00:06:25,1,59.2
00:06:25,1,56.6
00:06:25,1,62.5
00:06:25,1,67.2
00:06:25,1,62.3
00:06:25,1,56.9
00:06:25,1,52.5
00:06:25,1,57.3
00:06:25,1,59.7
00:06:26,1,61.6
00:06:26,1,60.5
00:06:26,1,56.2
00:06:26,1,59.5
00:06:26,1,56.0
00:06:26,1,63.6
00:06:26,1,60.6
00:06:26,1,63.0
00:06:26,1,62.5
00:06:26,1,54.6
00:06:26,1,57.6
00:06:26,1,57.1
00:06:26,1,57.4
00:06:26,1,58.7
00:06:26,1,64.0
00:06:26,1,59.6
00:06:26,1,56.1
00:06:26,1,58.1
00:06:26,1,57.1
00:06:26,1,61.2
00:06:26,1,66.3
00:06:26,1,69.1
00:06:26,1,66.6
00:06:26,1,65.8
00:06:26,1,58.1
00:06:26,1,56.5
00:06:26,1,64.4
00:06:26,1,63.6
00:06:26,1,56.7
00:06:26,1,57.2
00:06:27,1,57.3
00:06:27,1,58.5
00:06:27,1,55.1
00:06:27,1,60.5
00:06:27,1,58.4
00:06:27,1,58.8
00:06:27,1,55.3
00:06:27,1,61.0
00:06:27,1,56.4
00:06:27,1,64.7
00:06:27,1,64.7
00:06:27,1,60.7
00:06:27,1,65.3
00:06:27,1,59.5
00:06:27,1,64.0
00:06:27,1,53.1
00:06:27,1,62.0
00:06:27,1,65.5
00:06:27,1,60.2
00:06:27,1,61.6
00:06:27,1,52.8
00:06:27,1,64.3
00:06:27,1,67.1
00:06:27,1,70.0
00:06:27,1,61.0
00:06:27,1,51.6
00:06:27,1,61.1
00:06:27,1,65.7
00:06:27,1,61.3
00:06:27,1,60.7
00:06:28,1,63.4
00:06:28,1,54.7
00:06:28,1,58.4
00:06:28,1,62.3
00:06:28,1,58.4
00:06:28,1,58.8
00:06:28,1,65.3
00:06:28,1,62.6
00:06:28,1,59.2
00:06:28,1,56.6
00:06:28,1,63.8
00:06:28,1,62.2
00:06:28,1,66.7
00:06:28,1,59.1
00:06:28,1,61.5
00:06:28,1,65.6
00:06:28,1,65.5
00:06:28,1,59.2
00:06:28,1,61.0
00:06:28,1,64.8
00:06:28,1,57.0
00:06:28,1,63.0
00:06:28,1,64.9
00:06:28,1,57.6
00:06:28,1,65.3
00:06:28,1,60.5
00:06:28,1,62.5
00:06:28,1,63.6
00:06:28,1,59.7
00:06:28,1,59.6
00:06:29,1,62.7
00:06:29,1,66.4
00:06:29,1,64.9
00:06:29,1,64.4
00:06:29,1,60.9
00:06:29,1,64.6
00:06:29,1,65.4
00:06:29,1,59.4
00:06:29,1,55.3
00:06:29,1,58.9
00:06:29,1,63.3
00:06:29,1,64.5
00:06:29,1,61.7
00:06:29,1,62.3
00:06:29,1,52.6
00:06:29,1,63.1
00:06:29,1,61.9
00:06:29,1,61.7
00:06:29,1,63.1
00:06:29,1,60.7
00:06:29,1,61.8
00:06:29,1,56.7
00:06:29,1,59.3
00:06:29,1,58.2
00:06:29,1,61.1
00:06:29,1,48.8
00:06:29,1,54.2
00:06:29,1,59.8
00:06:29,1,62.9
00:06:30,1,60.2
00:06:30,1,57.7
00:06:30,1,56.7
00:06:30,1,64.3
00:06:30,1,63.6
00:06:30,1,59.7
00:06:30,1,60.7
00:06:30,1,60.3
00:06:30,1,51.5
00:06:30,1,59.0
00:06:30,1,61.7
00:06:30,1,63.9
00:06:30,1,52.3
00:06:30,1,62.8
00:06:30,1,58.0
00:06:30,1,57.1
00:06:30,1,59.4
00:06:30,1,57.9
00:06:30,1,56.0
00:06:30,1,59.8
00:06:30,1,62.7
00:06:30,1,55.0
00:06:30,1,59.3
00:06:30,1,57.1
00:06:30,1,61.5
00:06:30,1,55.5
00:06:30,1,65.7
00:06:30,1,62.8
00:06:30,1,61.5
00:06:30,1,59.8
00:06:30,1,61.9
00:06:31,1,63.1
00:06:31,1,63.5
00:06:31,1,62.4
00:06:31,1,60.4
00:06:31,1,59.1
00:06:31,1,63.2
00:06:31,1,62.1
00:06:31,1,63.6
00:06:31,1,59.7
00:06:31,1,60.2
00:06:31,1,58.1
00:06:31,1,56.6
00:06:31,1,62.8
00:06:31,1,64.1
00:06:31,1,64.9
00:06:31,1,66.1
00:06:31,1,60.7
00:06:31,1,61.1
00:06:31,1,59.7
00:06:31,1,58.3
00:06:31,1,51.7
00:06:31,1,60.0
00:06:31,1,58.4
00:06:31,1,63.1
00:06:31,1,60.7
00:06:31,1,61.8
00:06:31,1,65.6
00:06:31,1,68.5
00:06:31,1,63.3
00:06:31,1,60.0
00:06:32,1,57.0
00:06:32,1,60.4
00:06:32,1,62.6
00:06:32,1,62.1
00:06:32,1,61.8
00:06:32,1,62.4
00:06:32,1,53.8
00:06:32,1,59.5
00:06:32,1,62.1
00:06:32,1,60.1
00:06:32,1,58.9
00:06:32,1,62.2
00:06:32,1,61.9
00:06:32,1,57.5
00:06:32,1,61.7
00:06:32,1,63.2
00:06:32,1,59.4
00:06:32,1,59.4
00:06:32,1,58.5
00:06:32,1,62.5
00:06:32,1,61.8
00:06:32,0,61.2
00:06:32,0,62.9
00:06:32,0,58.3
00:06:32,0,60.3
00:06:32,0,59.1
00:06:32,0,57.1
00:06:32,0,54.5
00:06:32,0,62.6
00:06:32,0,59.3
00:06:33,0,55.0
00:06:33,0,58.4
00:06:33,0,61.1
00:06:33,0,60.2
00:06:33,0,52.9
00:06:33,0,61.8
00:06:33,0,61.7
00:06:33,0,58.6
00:06:33,0,64.5
00:06:33,1,63.7
00:06:33,1,61.9
00:06:33,1,57.4
00:06:33,1,64.4
00:06:33,1,58.9
00:06:33,1,63.5
00:06:33,1,60.4
00:06:33,1,67.3
00:06:33,2,65.0
00:06:33,2,64.0
00:06:33,2,64.0
00:06:33,2,55.2
00:06:33,2,56.8
00:06:33,2,63.6
00:06:33,2,61.5
00:06:33,2,58.0
00:06:33,2,63.8
00:06:33,2,63.7
00:06:33,3,64.3
00:06:33,3,61.4
00:06:33,3,60.1
00:06:34,2,65.3
00:06:34,2,54.7
00:06:34,2,58.5
00:06:34,3,63.4
00:06:34,3,59.6
00:06:34,3,57.1
00:06:34,3,67.7
00:06:34,3,53.9
00:06:34,3,63.0
00:06:34,3,59.8
00:06:34,3,61.1
00:06:34,4,58.1
00:06:34,2,68.0
00:06:34,2,58.9
00:06:34,3,58.1
00:06:34,3,59.6
00:06:34,3,62.6
00:06:34,3,63.6
00:06:34,3,60.7
00:06:34,3,57.4
00:06:34,3,60.1
00:06:34,3,57.7
00:06:34,3,54.3
00:06:34,3,60.6
00:06:34,3,64.8
00:06:34,3,63.0
00:06:34,3,64.1
00:06:34,3,58.0
00:06:34,3,61.2
00:06:34,3,67.8
00:06:35,3,58.5
00:06:35,3,62.8
00:06:35,3,61.5
00:06:35,3,64.4
00:06:35,3,65.2
00:06:35,3,61.3
00:06:35,3,55.8
00:06:35,3,59.4
00:06:35,3,60.2
00:06:35,3,55.4
00:06:35,3,52.3
00:06:35,3,59.5
00:06:35,3,56.4
00:06:35,3,60.6
00:06:35,3,63.7
00:06:35,3,64.2
00:06:35,3,61.6
00:06:35,3,61.7
00:06:35,3,63.8
00:06:35,3,59.5
00:06:35,3,65.1
00:06:35,3,62.9
00:06:35,3,60.3
00:06:35,3,55.7
00:06:35,3,47.9
00:06:35,3,63.6
00:06:35,3,65.7
00:06:35,3,61.6
00:06:35,3,52.0
00:06:35,3,64.6
00:06:36,3,61.2
00:06:36,3,63.3
00:06:36,3,61.3
00:06:36,3,60.9
00:06:36,3,56.8
00:06:36,3,60.6
00:06:36,3,60.0
00:06:36,3,63.5
00:06:36,3,64.0
00:06:36,3,63.7
00:06:36,3,55.8
00:06:36,3,60.6
00:06:36,3,59.9
00:06:36,3,53.7
00:06:36,3,65.2
00:06:36,3,66.7
00:06:36,3,63.7
00:06:36,3,60.1
00:06:36,3,59.1
00:06:36,3,58.4
00:06:36,3,54.8
00:06:36,3,54.0
00:06:36,3,57.2
00:06:36,3,63.1
00:06:36,3,62.3
00:06:36,3,56.8
00:06:36,3,61.1
00:06:36,3,56.0
00:06:36,3,58.9
00:06:36,3,61.3
00:06:37,3,65.9
00:06:37,3,65.6
00:06:37,3,64.8
00:06:37,3,60.9
00:06:37,3,60.3
00:06:37,3,59.6
00:06:37,3,64.3
00:06:37,3,69.2
00:06:37,3,66.5
00:06:37,3,56.4
00:06:37,3,55.6
00:06:37,3,58.5
00:06:37,3,50.5
00:06:37,3,57.6
00:06:37,3,64.0
00:06:37,3,63.2
00:06:37,3,59.8
00:06:37,3,57.5
00:06:37,3,55.4
00:06:37,3,58.1
00:06:37,3,64.2
00:06:37,3,56.2
00:06:37,3,60.4
00:06:37,3,57.0
00:06:37,3,53.9
00:06:37,3,59.7
00:06:37,3,60.4
00:06:37,3,59.1
00:06:37,3,65.7
00:06:37,3,56.0
00:06:38,3,59.8
00:06:38,3,55.5
00:06:38,3,64.3
00:06:38,3,58.1
00:06:38,3,61.4
00:06:38,3,58.7
00:06:38,3,60.9
00:06:38,3,60.2
00:06:38,3,59.9
00:06:38,3,58.5
00:06:38,3,58.2
00:06:38,3,67.6
00:06:38,3,61.8
00:06:38,3,57.4
00:06:38,3,63.6
00:06:38,3,61.2
00:06:38,3,59.3
00:06:38,3,59.5
00:06:38,3,61.1
00:06:38,3,63.4
00:06:38,3,64.2
00:06:38,3,61.3
00:06:38,3,62.5
00:06:38,3,56.5
00:06:38,3,54.7
00:06:38,3,59.7
00:06:38,3,62.5
00:06:38,3,62.1
00:06:38,3,56.7
00:06:38,3,57.1
00:06:39,3,61.7
00:06:39,3,59.9
00:06:39,3,62.2
00:06:39,3,57.9
00:06:39,3,67.7
00:06:39,3,60.1
00:06:39,3,58.9
00:06:39,3,57.3
00:06:39,3,57.5
00:06:39,3,56.3
00:06:39,3,62.4
00:06:39,3,58.5
00:06:39,3,62.1
00:06:39,3,61.3
00:06:39,3,59.0
00:06:39,3,61.5
00:06:39,3,57.8
00:06:39,3,58.2
00:06:39,3,56.6
00:06:39,3,55.9
00:06:39,3,64.7
00:06:39,3,63.0
00:06:39,3,63.6
00:06:39,3,57.4
00:06:39,3,62.9
00:06:39,3,64.0
00:06:39,3,63.6
00:06:39,3,67.4
00:06:39,3,62.8
00:06:39,3,69.2
00:06:40,3,69.0
00:06:40,3,61.3
00:06:40,3,67.7
00:06:40,3,62.2
00:06:40,3,65.2
00:06:40,3,53.0
00:06:40,3,49.1
00:06:40,3,61.6
00:06:40,3,56.6
00:06:40,3,60.4
00:06:40,3,54.6
00:06:40,3,61.8
00:06:40,3,54.9
00:06:40,3,56.8
00:06:40,3,58.5
00:06:40,3,58.8
00:06:40,3,56.2
00:06:40,3,62.4
00:06:40,3,61.9
00:06:40,3,59.2
00:06:40,3,57.0
00:06:40,3,58.9
00:06:40,3,60.5
00:06:40,3,57.6
00:06:40,3,57.0
00:06:40,3,60.3
00:06:40,3,59.3
00:06:40,3,58.2
00:06:40,3,58.0
00:06:41,3,64.4
00:06:41,3,60.9
00:06:41,3,61.7
00:06:41,3,71.1
00:06:41,3,68.5
00:06:41,3,59.3
00:06:41,3,58.2
00:06:41,3,62.2
00:06:41,3,56.1
00:06:41,3,58.4
00:06:41,3,58.1
00:06:41,3,60.2
00:06:41,3,63.3
00:06:41,3,57.9
00:06:41,3,59.2
00:06:41,2,59.9
00:06:41,2,63.9
00:06:41,2,61.0
00:06:41,2,55.1
00:06:41,2,54.6
00:06:41,2,55.0
00:06:41,2,57.1
00:06:41,2,59.6
00:06:41,2,58.6
00:06:41,0,64.2
00:06:41,0,56.7
00:06:41,0,64.3
00:06:41,0,58.2
00:06:41,0,64.4
00:06:41,0,60.2
00:06:41,0,58.6
00:06:42,0,59.0
00:06:42,0,64.4
00:06:42,0,56.9
00:06:42,0,62.3
00:06:42,0,52.9
00:06:42,0,61.4
00:06:42,1,55.2
00:06:42,1,51.6
00:06:42,1,57.1
00:06:42,1,57.4
00:06:42,1,51.8
00:06:42,1,60.9
00:06:42,1,55.6
00:06:42,1,61.8
00:06:42,1,57.7
00:06:42,1,57.1
00:06:42,1,53.9
00:06:42,1,55.4
00:06:42,1,57.2
00:06:42,1,56.8
00:06:42,1,60.1
00:06:42,1,60.3
00:06:42,1,64.9
00:06:42,1,66.8
00:06:42,1,60.2
00:06:42,1,64.5
00:06:42,1,59.6
00:06:42,1,64.4
00:06:42,1,62.1
00:06:42,1,60.8
00:06:43,1,60.6
00:06:43,1,66.0
00:06:43,1,63.0
00:06:43,1,53.6
00:06:43,1,59.4
00:06:43,1,57.0
00:06:43,1,62.7
00:06:43,1,61.0
00:06:43,1,60.8
00:06:43,1,59.4
00:06:43,1,64.0
00:06:43,1,56.0
00:06:43,1,58.4
00:06:43,1,59.2
00:06:43,1,59.9
00:06:43,1,56.7
00:06:43,1,59.2
00:06:43,1,55.8
00:06:43,1,59.1
00:06:43,1,62.2
00:06:43,1,55.5
00:06:43,1,62.9
00:06:43,1,62.7
00:06:43,1,60.9
00:06:43,1,63.0
00:06:43,1,64.9
00:06:43,1,57.3
00:06:43,1,65.0
00:06:43,1,58.3
00:06:43,1,63.4
00:06:44,1,60.4
00:06:44,1,59.3
00:06:44,1,61.2
00:06:44,1,56.6
00:06:44,1,54.8
00:06:44,1,54.2
00:06:44,1,54.6
00:06:44,1,57.7
00:06:44,1,61.8
00:06:44,1,62.7
00:06:44,1,61.9
00:06:44,1,58.6
00:06:44,1,60.0
00:06:44,1,63.6
00:06:44,1,63.9
00:06:44,1,64.7
00:06:44,1,63.2
00:06:44,1,64.8
00:06:44,1,64.6
00:06:44,1,67.1
00:06:44,1,62.9
00:06:44,1,57.3
00:06:44,1,57.5
00:06:44,1,64.0
00:06:44,1,62.0
00:06:44,1,64.7
00:06:44,1,70.6
00:06:44,1,64.8
00:06:44,1,66.4
00:06:44,1,63.4
00:06:45,1,63.8
00:06:45,1,62.8
00:06:45,1,55.6
00:06:45,1,65.5
00:06:45,1,63.1
00:06:45,1,67.2
00:06:45,1,63.4
00:06:45,1,63.5
00:06:45,1,60.3
00:06:45,1,60.5
00:06:45,1,59.9
00:06:45,1,58.8
00:06:45,1,57.7
00:06:45,1,62.7
00:06:45,1,61.8
00:06:45,1,56.9
00:06:45,1,56.2
00:06:45,1,62.0
00:06:45,1,60.5
00:06:45,1,64.3
00:06:45,1,65.0
00:06:45,1,52.0
00:06:45,1,64.8
00:06:45,1,55.3
00:06:45,1,60.6
00:06:45,1,64.4
00:06:45,1,62.8
00:06:45,1,55.5
00:06:45,1,63.4
00:06:45,1,58.9
00:06:45,1,60.6
00:06:46,1,60.0
00:06:46,1,60.1
00:06:46,1,59.1
00:06:46,1,62.4
00:06:46,1,62.9
00:06:46,1,58.3
00:06:46,1,63.5
00:06:46,1,52.9
00:06:46,1,56.3
00:06:46,1,58.0
00:06:46,1,55.8
00:06:46,1,65.4
00:06:46,1,55.8
00:06:46,1,59.8
00:06:46,1,56.0
00:06:46,1,55.6
00:06:46,1,59.8
00:06:46,1,65.9
00:06:46,1,66.2
00:06:46,1,58.2
00:06:46,1,66.4
00:06:46,1,57.7
00:06:46,1,57.3
00:06:46,1,59.8
00:06:46,1,65.9
00:06:46,1,61.0
00:06:46,1,65.6
00:06:46,1,68.4
00:06:46,1,63.2
00:06:47,1,60.6
00:06:47,1,59.6
00:06:47,1,57.4
00:06:47,1,66.3
00:06:47,1,61.4
00:06:47,1,63.4
00:06:47,1,58.3
00:06:47,1,65.3
00:06:47,1,61.3
00:06:47,1,65.8
00:06:47,1,59.6
00:06:47,1,59.7
00:06:47,1,59.4
00:06:47,1,62.6
00:06:47,1,61.6
00:06:47,1,65.4
00:06:47,1,59.3
00:06:47,1,60.1
00:06:47,1,61.2
00:06:47,1,32.4
00:06:47,1,25.6
00:06:47,1,27.6
00:06:47,1,29.9
00:06:47,1,25.5
00:06:47,1,28.9
00:06:47,1,30.5
00:06:47,1,37.4
00:06:48,1,30.2
00:06:48,1,29.3
00:06:48,1,28.1
00:06:48,1,26.8
00:06:48,1,29.5
00:06:48,1,30.8
00:06:48,1,29.5
00:06:48,1,27.7
00:06:48,1,28.4
00:06:48,1,28.8
00:06:48,1,29.0
00:06:48,1,27.6
00:06:48,1,28.9
00:06:48,1,26.5
00:06:48,1,26.1
00:06:48,1,26.0
00:06:48,1,27.8
00:06:48,1,26.5
00:06:49,1,25.6
00:06:49,1,25.7
00:06:49,1,29.3
00:06:49,1,26.6
00:06:49,1,27.1
00:06:49,1,27.4
00:06:49,1,28.4
00:06:49,1,29.4
00:06:49,1,25.4
00:06:49,1,26.5
00:06:49,1,29.5
00:06:49,1,25.5
00:06:49,1,25.4
00:06:49,1,31.4
00:06:49,1,25.8
00:06:49,1,26.9
00:06:49,1,26.7
00:06:50,1,34.8
00:06:50,1,28.4
00:06:50,1,27.2
00:06:50,1,32.5
00:06:50,1,27.2
00:06:50,1,36.1
00:06:50,1,26.6
00:06:50,1,26.9
00:06:50,1,26.8
00:06:50,1,27.0
00:06:50,1,26.4
00:06:50,1,27.9
00:06:50,1,28.8
00:06:50,1,32.4
00:06:50,1,30.2
00:06:50,1,26.1
00:06:50,1,30.2
00:06:50,1,28.5
00:06:50,1,29.3
00:06:51,1,27.9
00:06:51,1,28.2
00:06:51,1,28.0
00:06:51,1,27.5
00:06:51,1,28.0
00:06:51,1,26.3
00:06:51,1,28.1
00:06:51,1,29.6
00:06:51,1,26.0
00:06:51,1,27.8
00:06:51,1,26.5
00:06:51,1,28.9
00:06:51,1,28.0
00:06:51,1,30.8
00:06:51,1,27.1
00:06:51,1,28.5
00:06:51,1,26.6
00:06:51,1,29.2
00:06:51,1,32.1
00:06:52,1,29.8
00:06:52,1,26.9
00:06:52,1,25.4
00:06:52,1,27.4
00:06:52,1,27.0
00:06:52,1,31.0
00:06:52,1,28.2
00:06:52,1,28.3
00:06:52,1,26.3
00:06:52,1,26.0
00:06:52,1,27.3
00:06:52,1,28.4
00:06:52,1,27.9
00:06:52,1,32.5
00:06:52,1,25.2
00:06:52,1,24.8
00:06:52,1,26.7
00:06:52,1,28.0
00:06:53,1,25.2
00:06:53,1,28.8
00:06:53,1,24.1
00:06:53,1,25.3
00:06:53,1,25.9
00:06:53,1,25.0
00:06:53,1,23.5
00:06:53,1,26.9
00:06:53,1,26.5
00:06:53,1,24.6
00:06:53,1,25.0
00:06:53,1,23.8
00:06:53,1,26.0
00:06:53,1,23.4
00:06:53,1,24.0
00:06:53,1,25.6
00:06:53,1,26.1
00:06:53,1,27.4
00:06:54,1,25.2
00:06:54,1,27.6
00:06:54,1,25.3
00:06:54,1,28.0
00:06:54,1,25.7
00:06:54,1,24.7
00:06:54,1,27.6
00:06:54,1,30.0
00:06:54,1,29.5
00:06:54,1,25.5
00:06:54,1,26.2
00:06:54,1,27.0
00:06:54,1,25.6
00:06:54,1,27.3
00:06:54,1,27.2
00:06:54,1,28.4
00:06:54,1,26.6
00:06:54,1,27.9
00:06:54,1,27.7
00:06:54,1,29.2
00:06:55,1,32.1
00:06:55,1,27.7
00:06:55,1,26.9
00:06:55,1,27.4
00:06:55,1,27.3
00:06:55,1,26.5
00:06:55,1,26.4
00:06:55,1,26.8
00:06:55,1,28.7
00:06:55,1,24.8
00:06:55,1,25.8
00:06:55,1,25.7
00:06:55,1,25.6
00:06:55,1,25.8
00:06:55,1,26.8
00:06:55,1,25.8
00:06:55,1,30.5
00:06:55,1,26.7
00:06:56,1,25.6
00:06:56,1,25.4
00:06:56,1,27.1
00:06:56,1,25.0
00:06:56,1,28.3
00:06:56,1,27.7
00:06:56,1,27.2
00:06:56,1,27.7
00:06:56,1,27.2
00:06:56,1,25.5
00:06:56,1,27.9
00:06:56,1,27.3
00:06:56,1,27.0
00:06:56,1,25.7
00:06:56,1,27.8
00:06:56,1,43.9
00:06:56,1,27.0
00:06:56,1,27.7
00:06:56,1,30.8
00:06:57,1,28.6
00:06:57,1,28.2
00:06:57,1,27.7
00:06:57,1,26.0
00:06:57,1,26.8
00:06:57,1,25.2
00:06:57,1,25.6
00:06:57,1,25.0
00:06:57,1,26.5
00:06:57,1,27.2
00:06:57,1,28.4
00:06:57,1,26.1
00:06:57,1,27.9
00:06:57,1,25.0
00:06:57,1,26.6
00:06:57,1,25.9
00:06:57,1,26.2
00:06:57,1,25.5
00:06:58,1,24.6
00:06:58,1,26.3
00:06:58,1,24.3
00:06:58,1,26.0
00:06:58,1,26.3
00:06:58,1,26.3
00:06:58,1,23.8
00:06:58,1,26.3
00:06:58,1,23.8
00:06:58,1,26.8
00:06:58,1,24.3
00:06:58,1,27.0
00:06:58,1,25.9
00:06:58,1,26.1
00:06:58,1,24.9
00:06:58,1,24.0
00:06:58,1,26.4
00:06:58,1,27.4
00:06:58,1,27.9
00:06:59,1,28.8
00:06:59,1,38.9
00:06:59,1,29.4
00:06:59,1,28.2
00:06:59,1,32.9
00:06:59,1,33.3
00:06:59,1,30.5
00:06:59,1,31.7
00:06:59,1,30.8
00:06:59,1,33.6
00:06:59,1,31.5
00:06:59,1,33.8
00:06:59,1,29.6
00:06:59,1,32.6
00:06:59,1,32.0
00:06:59,1,32.2
00:06:59,1,28.5
00:06:59,1,26.0
00:06:59,1,27.6
00:06:59,1,26.3
00:07:00,1,23.8
00:07:00,1,25.3
00:07:00,1,26.8
00:07:00,1,31.3
00:07:00,1,25.9
00:07:00,1,27.4
00:07:00,1,25.2
00:07:00,1,26.8
00:07:00,1,29.3
00:07:00,1,24.9
00:07:00,1,26.7
00:07:00,1,25.0
00:07:00,1,29.1
00:07:00,1,24.4
00:07:00,1,25.4
00:07:00,1,28.7
00:07:00,1,38.6
00:07:00,1,28.0
00:07:01,1,28.1
00:07:01,1,31.9
00:07:01,1,26.3
00:07:01,1,29.7
00:07:01,1,26.2
00:07:01,1,28.0
00:07:01,1,26.4
00:07:01,1,27.2
00:07:01,1,26.6
00:07:01,1,25.8
00:07:01,1,25.8
00:07:01,1,28.5
00:07:01,1,25.4
00:07:01,1,28.6
00:07:01,1,26.2
00:07:01,1,33.7
00:07:01,1,26.4
00:07:02,1,28.1
00:07:02,1,24.4
00:07:02,1,24.4
00:07:02,1,26.0
00:07:02,1,25.3
00:07:02,1,24.3
00:07:02,1,27.7
00:07:02,1,22.4
00:07:02,1,24.4
00:07:02,1,26.4
00:07:02,1,25.7
00:07:02,1,24.1
00:07:02,1,23.6
00:07:02,1,24.4
00:07:02,1,25.5
00:07:02,1,27.0
00:07:02,1,25.7
00:07:02,1,22.9
00:07:02,1,21.6
00:07:03,1,22.8
00:07:03,1,24.0
00:07:03,1,25.7
00:07:03,1,24.0
00:07:03,1,23.8
00:07:03,1,24.6
00:07:03,1,23.9
00:07:03,1,23.9
00:07:03,1,23.2
00:07:03,1,25.1
00:07:03,1,24.5
00:07:03,1,25.3
00:07:03,1,25.8
00:07:03,1,26.5
00:07:03,1,25.4
00:07:03,1,25.7
00:07:03,1,28.0
00:07:03,1,27.5
00:07:03,1,27.3
00:07:04,1,24.8
00:07:04,1,26.3
00:07:04,1,26.7
00:07:04,1,24.9
00:07:04,1,27.6
00:07:04,1,25.7
00:07:04,1,25.9
00:07:04,1,25.7
00:07:04,1,24.5
00:07:04,1,25.6
00:07:04,1,24.7
00:07:04,1,27.6
00:07:04,1,25.9
00:07:04,1,26.9
00:07:04,1,26.2
00:07:04,1,26.4
00:07:04,1,26.8
00:07:04,1,27.3
00:07:04,1,25.6
00:07:04,1,27.4
00:07:05,1,26.5
00:07:05,1,26.6
00:07:05,1,27.1
00:07:05,1,26.8
00:07:05,1,27.6
00:07:05,1,27.1
00:07:05,1,24.7
00:07:05,1,25.4
00:07:05,1,26.7
00:07:05,1,26.2
00:07:05,1,25.6
00:07:05,1,25.9
00:07:05,1,24.8
00:07:05,1,25.5
00:07:05,1,24.4
00:07:05,1,27.1
00:07:05,1,25.9
00:07:05,1,25.3
00:07:05,1,26.9
00:07:06,1,28.1
00:07:06,1,27.9
00:07:06,1,25.6
00:07:06,1,25.5
00:07:06,1,27.1
00:07:06,1,27.2
00:07:06,1,23.6
00:07:06,1,24.9
00:07:06,1,25.4
00:07:06,1,25.9
00:07:06,1,26.5
00:07:06,1,26.8
00:07:06,1,25.0
00:07:06,1,26.6
00:07:06,1,25.7
00:07:06,1,25.6
00:07:06,1,25.0
00:07:06,1,27.8
00:07:06,1,25.9
00:07:07,1,23.2
00:07:07,1,27.2
00:07:07,1,26.0
00:07:07,1,27.6
00:07:07,1,26.6
00:07:07,1,27.9
00:07:07,1,25.5
00:07:07,1,26.7
00:07:07,1,26.3
00:07:07,1,25.4
00:07:07,1,25.6
00:07:07,1,27.2
00:07:07,1,26.9
00:07:07,1,26.3
00:07:07,1,26.4
00:07:07,1,27.3
00:07:07,1,27.6
00:07:07,1,25.3
00:07:07,1,26.7
00:07:07,1,26.9
00:07:08,1,24.0
00:07:08,1,25.1
00:07:08,1,25.6
00:07:08,1,27.6
00:07:08,1,27.7
00:07:08,1,27.1
00:07:08,1,26.3
00:07:08,1,26.3
00:07:08,1,27.4
00:07:08,1,28.0
00:07:08,1,24.9
00:07:08,1,26.5
00:07:08,1,26.9
00:07:08,1,28.5
00:07:08,1,25.5
00:07:08,1,27.6
00:07:08,1,26.8
00:07:08,1,27.1
00:07:08,1,27.9
00:07:09,1,25.5
00:07:09,1,24.9
00:07:09,1,28.5
00:07:09,1,25.3
00:07:09,1,25.7
00:07:09,1,26.2
00:07:09,1,28.8
00:07:09,1,24.7
00:07:09,1,28.0
00:07:09,1,26.9
00:07:09,1,28.3
00:07:09,1,28.8
00:07:09,1,28.0
00:07:09,1,28.0
00:07:09,1,30.0
00:07:09,1,26.5
00:07:09,1,28.1
00:07:09,1,29.1
00:07:09,1,31.0
00:07:10,1,26.8
00:07:10,1,25.7
00:07:10,1,25.7
00:07:10,1,25.9
00:07:10,1,23.6
00:07:10,1,28.6
00:07:10,1,25.0
00:07:10,1,26.5
00:07:10,1,26.3
00:07:10,1,25.2
00:07:10,1,24.4
00:07:10,1,25.9
00:07:10,1,23.9
00:07:10,1,24.6
00:07:10,1,25.6
00:07:10,1,24.0
00:07:10,1,26.6
00:07:10,1,25.9
00:07:10,1,27.6
00:07:11,1,26.1
00:07:11,1,26.9
00:07:11,1,25.8
00:07:11,1,25.3
00:07:11,1,24.5
00:07:11,1,25.1
00:07:11,1,25.0
00:07:11,1,25.4
00:07:11,1,25.7
00:07:11,1,24.7
00:07:11,1,26.6
00:07:11,1,26.8
00:07:11,1,26.2
00:07:11,1,24.4
00:07:11,1,25.8
00:07:11,1,24.1
00:07:11,1,25.4
00:07:11,1,24.0
00:07:11,1,25.3
00:07:11,1,25.3
00:07:12,1,28.3
00:07:12,1,25.7
00:07:12,1,26.3
00:07:12,1,26.1
00:07:12,1,25.9
00:07:12,1,25.0
00:07:12,1,26.2
00:07:12,1,24.5
00:07:12,1,25.5
00:07:12,1,25.5
00:07:12,1,25.2
00:07:12,1,28.2
00:07:12,1,24.9
00:07:12,1,23.0
00:07:12,1,22.9
00:07:12,1,24.4
00:07:12,1,23.6
00:07:12,1,26.4
00:07:12,1,25.6
00:07:13,1,28.1
00:07:13,1,24.0
00:07:13,1,24.3
00:07:13,1,24.1
00:07:13,1,25.2
00:07:13,1,23.5
00:07:13,1,24.4
00:07:13,1,24.7
00:07:13,1,27.7
00:07:13,1,33.6
00:07:13,1,24.2
00:07:13,1,25.2
00:07:13,1,26.6
00:07:13,1,25.4
00:07:13,1,23.8
00:07:13,1,26.2
00:07:13,1,27.4
00:07:13,1,25.7
00:07:13,1,25.5
00:07:14,1,24.3
00:07:14,1,26.8
00:07:14,1,24.8
00:07:14,1,24.5
00:07:14,1,25.6
00:07:14,1,23.4
00:07:14,1,23.6
00:07:14,1,23.9
00:07:14,1,27.0
00:07:14,1,25.7
00:07:14,1,24.1
00:07:14,1,23.6
00:07:14,1,26.8
00:07:14,1,26.5
00:07:14,1,25.6
00:07:14,1,26.8
00:07:14,1,28.6
00:07:14,1,24.2
00:07:14,1,27.3
00:07:15,1,25.4
00:07:15,1,26.5
00:07:15,1,24.7
00:07:15,1,25.9
00:07:15,1,26.0
00:07:15,1,24.7
00:07:15,1,27.7
00:07:15,1,26.2
00:07:15,1,24.0
00:07:15,1,25.2
00:07:15,1,27.1
00:07:15,1,26.9
00:07:15,1,26.1
00:07:15,1,26.0
00:07:15,1,25.2
00:07:15,1,26.5
00:07:15,1,25.6
00:07:15,1,26.4
00:07:15,1,24.8
00:07:15,1,25.1
00:07:16,1,28.1
00:07:16,1,27.1
00:07:16,1,28.0
00:07:16,1,25.3
00:07:16,1,26.4
00:07:16,1,26.2
00:07:16,1,27.2
00:07:16,1,25.3
00:07:16,1,25.5
00:07:16,1,26.1
00:07:16,1,26.8
00:07:16,1,30.7
00:07:16,1,25.4
00:07:16,1,25.8
00:07:16,1,23.6
00:07:16,1,25.4
00:07:16,1,25.9
00:07:16,1,26.4
00:07:16,1,28.1
00:07:16,1,28.8
00:07:17,1,26.8
00:07:17,1,29.0
00:07:17,1,29.9
00:07:17,1,27.0
00:07:17,1,25.3
00:07:17,1,25.5
00:07:17,1,26.5
00:07:17,1,25.1
00:07:17,1,27.5
00:07:17,1,25.3
00:07:17,1,25.2
00:07:17,1,25.0
00:07:17,1,27.1
00:07:17,1,25.5
00:07:17,1,27.7
00:07:17,1,25.1
00:07:17,1,25.1
00:07:17,1,28.1
00:07:17,1,27.2
00:07:18,1,31.3
00:07:18,1,27.5
00:07:18,1,29.4
00:07:18,1,28.9
00:07:18,1,24.1
00:07:18,1,24.4
00:07:18,1,27.8
00:07:18,1,28.1
00:07:18,1,23.6
00:07:18,1,23.6
00:07:18,1,29.5
00:07:18,1,26.1
00:07:18,1,24.0
00:07:18,1,26.5
00:07:18,1,23.6
00:07:18,1,23.9
00:07:18,1,23.5
00:07:18,1,25.5
00:07:19,1,25.8
00:07:19,1,25.2
00:07:19,1,26.6
00:07:19,1,28.5
00:07:19,1,27.9
00:07:19,1,28.9
00:07:19,1,27.4
00:07:19,1,31.3
00:07:19,1,29.0
00:07:19,1,28.6
00:07:19,1,30.4
00:07:19,1,30.8
00:07:19,1,29.0
00:07:19,1,34.5
00:07:19,1,34.7
00:07:19,1,27.9
00:07:19,1,31.3
00:07:19,1,24.5
00:07:19,1,28.2
00:07:19,1,27.1
00:07:20,1,26.2
00:07:20,1,25.8
00:07:20,1,25.6
00:07:20,1,27.6
00:07:20,1,29.5
00:07:20,1,26.8
00:07:20,1,28.5
00:07:20,1,26.5
00:07:20,1,23.5
00:07:20,1,24.7
00:07:20,1,28.0
00:07:20,1,25.5
00:07:20,1,26.4
00:07:20,1,25.9
00:07:20,1,25.4
00:07:20,1,25.4
00:07:20,1,23.4
00:07:20,1,24.7
00:07:20,1,27.5
00:07:21,1,25.7
00:07:21,1,24.4
00:07:21,1,31.0
00:07:21,1,28.4
00:07:21,1,25.8
00:07:21,1,24.7
00:07:21,1,23.8
00:07:21,1,24.6
00:07:21,1,26.5
00:07:21,1,27.4
00:07:21,1,25.8
00:07:21,1,24.3
00:07:21,1,25.9
00:07:21,1,23.8
00:07:21,1,24.8
00:07:21,1,24.2
00:07:21,1,26.2
00:07:21,1,27.4
00:07:21,1,30.5
00:07:22,1,27.1
00:07:22,1,24.0
00:07:22,1,25.3
00:07:22,1,23.4
00:07:22,1,26.0
00:07:22,1,24.7
00:07:22,1,24.3
00:07:22,1,24.0
00:07:22,1,25.5
00:07:22,1,24.8
00:07:22,1,25.6
00:07:22,1,23.9
00:07:22,1,26.4
00:07:22,1,25.8
00:07:22,1,26.1
00:07:22,1,24.5
00:07:22,1,24.8
00:07:22,1,24.9
00:07:22,1,26.7
00:07:22,1,26.0
00:07:23,1,25.9
00:07:23,1,27.4
00:07:23,1,38.1
00:07:23,1,58.2
00:07:23,1,63.8
00:07:23,1,59.1
00:07:23,1,60.0
00:07:23,1,64.9
00:07:23,1,59.3
00:07:23,1,59.8
00:07:23,1,55.6
00:07:23,1,52.6
00:07:23,1,60.6
00:07:23,1,60.6
00:07:23,1,58.4
00:07:23,1,57.5
00:07:23,1,62.9
00:07:23,1,61.3
00:07:23,1,58.3
00:07:23,1,57.7
00:07:23,1,54.3
00:07:23,1,53.9
00:07:23,1,58.3
00:07:23,1,59.1
00:07:23,1,58.5
00:07:23,1,58.8
00:07:23,1,58.3
00:07:23,1,55.0
00:07:23,1,55.7
00:07:23,1,57.0
00:07:24,1,62.1
00:07:24,1,56.4
00:07:24,1,59.3
00:07:24,1,60.4
00:07:24,1,54.7
00:07:24,1,56.8
00:07:24,1,58.6
